{
  "vertices": [
    -3.200000047683716,
    1.4222222566604614,
    3.200000047683716,
    3.200000047683716,
    1.4222222566604614,
    3.200000047683716,
    3.200000047683716,
    0,
    8,
    -3.200000047683716,
    0,
    8,
    3.200000047683716,
    -1.4222222566604614,
    3.200000047683716,
    -3.200000047683716,
    -1.4222222566604614,
    3.200000047683716,
    -5.333333492279053,
    0,
    -5.155555725097656,
    -3.200000047683716,
    1.4222222566604614,
    -8,
    -5.333333492279053,
    0,
    -8,
    -3.200000047683716,
    -1.4222222566604614,
    -8,
    3.200000047683716,
    -1.4222222566604614,
    -8,
    5.333333492279053,
    0,
    -8,
    3.200000047683716,
    1.4222222566604614,
    -8,
    5.333333492279053,
    0,
    -5.155555725097656
  ],
  "indices": [
    0,
    0,
    3,
    0,
    3,
    2,
    0,
    0,
    3,
    0,
    3,
    3,
    0,
    0,
    3,
    0,
    3,
    3,
    0,
    3,
    4,
    0,
    4,
    2,
    0,
    3,
    5,
    0,
    5,
    3,
    0,
    3,
    5,
    0,
    5,
    2,
    0,
    0,
    3,
    0,
    3,
    6,
    0,
    3,
    6,
    0,
    6,
    3,
    0,
    3,
    8,
    0,
    8,
    6,
    0,
    3,
    8,
    0,
    8,
    5,
    0,
    0,
    3,
    0,
    3,
    8,
    0,
    0,
    3,
    0,
    3,
    8,
    0,
    3,
    9,
    0,
    9,
    5,
    0,
    3,
    9,
    0,
    9,
    4,
    0,
    3,
    10,
    0,
    10,
    4,
    0,
    3,
    10,
    0,
    10,
    13,
    0,
    3,
    10,
    0,
    10,
    11,
    0,
    3,
    10,
    0,
    10,
    12,
    0,
    3,
    10,
    0,
    10,
    7,
    0,
    3,
    10,
    0,
    10,
    8,
    0,
    0,
    3,
    0,
    3,
    11,
    0,
    0,
    3,
    0,
    3,
    11,
    1,
    0,
    3,
    1,
    3,
    12,
    1,
    0,
    3,
    1,
    3,
    12
  ],
  "normals": [
    127,
    127,
    0.8684700131416321,
    127,
    127,
    0.8684700131416321,
    127,
    127,
    0.8684700131416321,
    127,
    127,
    0.8684700131416321,
    127,
    127,
    0.8684700131416321,
    127,
    127,
    0.8684700131416321,
    127,
    127,
    0,
    127,
    127,
    0,
    127,
    127,
    0,
    127,
    127,
    0,
    127,
    127,
    0,
    127,
    127,
    0,
    127,
    127,
    0,
    127,
    127,
    0,
    127,
    127,
    0,
    127,
    127,
    0,
    127,
    127,
    0,
    127,
    127,
    0,
    127,
    127,
    0.8684700131416321,
    127,
    127,
    0.8684700131416321,
    127,
    127,
    0.8684700131416321,
    127,
    127,
    0.8684700131416321,
    127,
    127,
    0.8684700131416321,
    127,
    127,
    0.8684700131416321,
    127,
    127,
    0,
    127,
    127,
    0,
    127,
    127,
    0,
    127,
    127,
    0,
    127,
    127,
    0,
    127,
    127,
    0,
    127,
    127,
    0,
    127,
    127,
    0,
    127,
    127,
    0,
    127,
    127,
    0,
    127,
    127,
    0,
    127,
    127,
    0,
    127,
    127,
    -0.8684700131416321,
    127,
    127,
    -0.8684700131416321,
    127,
    127,
    -0.8684700131416321,
    127,
    127,
    -0.8684700131416321,
    127,
    127,
    -0.8684700131416321,
    127,
    127,
    -0.8684700131416321,
    127,
    127,
    -0.8684700131416321,
    127,
    127,
    -0.8684700131416321,
    127,
    127,
    -0.8684700131416321,
    127,
    127,
    -0.8684700131416321,
    127,
    127,
    -0.8684700131416321,
    127,
    127,
    -0.8684700131416321,
    127,
    127,
    -0.5547000169754028,
    127,
    127,
    -0.5547000169754028,
    127,
    127,
    -0.5547000169754028,
    127,
    127,
    -0.5547000169754028,
    127,
    127,
    -0.5547000169754028,
    127,
    127,
    -0.5547000169754028,
    127,
    127,
    -0.5547000169754028,
    127,
    127,
    -0.5547000169754028,
    127,
    127,
    -0.5547000169754028,
    127,
    127,
    -0.5547000169754028,
    127,
    127,
    -0.5547000169754028,
    127,
    127,
    -0.5547000169754028,
    127,
    127,
    -0.5547000169754028,
    127,
    127,
    -0.5547000169754028,
    127,
    127,
    -0.5547000169754028,
    127,
    127,
    -0.5547000169754028,
    127,
    127,
    -0.5547000169754028,
    127,
    127,
    -0.5547000169754028,
    127,
    127,
    -0.5547000169754028,
    127,
    127,
    -0.5547000169754028,
    127,
    127,
    -0.5547000169754028,
    127,
    127,
    -0.5547000169754028,
    127,
    127,
    -0.5547000169754028,
    127,
    127,
    -0.5547000169754028,
    127,
    127,
    0,
    127,
    127,
    0,
    127,
    127,
    0,
    127,
    127,
    0,
    127,
    127,
    0,
    127,
    127,
    0,
    127,
    127,
    0,
    127,
    127,
    0,
    127,
    127,
    0,
    127,
    127,
    0,
    127,
    127,
    0,
    127,
    127,
    0,
    127,
    127,
    0.5547000169754028,
    127,
    127,
    0.5547000169754028,
    127,
    127,
    0.5547000169754028,
    127,
    127,
    0.5547000169754028,
    127,
    127,
    0.5547000169754028,
    127,
    127,
    0.5547000169754028,
    127,
    127,
    0.5547000169754028,
    127,
    127,
    0.5547000169754028,
    127,
    127,
    0.5547000169754028,
    127,
    127,
    0.5547000169754028,
    127,
    127,
    0.5547000169754028,
    127,
    127,
    0.5547000169754028,
    127,
    127,
    0,
    127,
    127,
    0,
    127,
    127,
    0,
    127,
    127,
    0,
    127,
    127,
    0,
    127,
    127,
    0,
    127,
    127,
    0,
    127,
    127,
    0,
    127,
    127,
    0,
    127,
    127,
    0,
    127,
    127,
    0,
    127,
    127,
    0,
    127,
    127,
    0,
    127,
    127,
    0,
    127,
    127,
    0,
    127,
    127,
    0,
    127,
    127,
    0,
    127,
    127,
    0,
    127,
    127,
    0,
    127,
    127,
    0,
    127,
    127,
    0,
    127,
    127,
    0,
    127,
    127,
    0,
    127,
    127,
    0,
    127,
    127,
    0.5547000169754028,
    127,
    127,
    0.5547000169754028,
    127,
    127,
    0.5547000169754028,
    127,
    127,
    0.5547000169754028,
    127,
    127,
    0.5547000169754028,
    127,
    127,
    0.5547000169754028,
    127,
    127,
    0.5547000169754028,
    127,
    127,
    0.5547000169754028,
    127,
    127,
    0.5547000169754028,
    127,
    127,
    0.5547000169754028,
    127,
    127,
    0.5547000169754028,
    127,
    127,
    0.5547000169754028,
    127,
    127,
    0,
    127,
    127,
    0,
    127,
    127,
    0,
    127,
    127,
    0,
    127,
    127,
    0,
    127,
    127,
    0,
    127,
    127,
    0,
    127,
    127,
    0,
    127,
    127,
    0,
    127,
    127,
    0,
    127,
    127,
    0,
    127,
    127,
    0
  ],