{
  "vertices": [
    -3.058823585510254,
    -7.058823585510254,
    -13.529411315917969,
    3.058823585510254,
    -7.058823585510254,
    -13.529411315917969,
    5.176470756530762,
    -2.588235378265381,
    -17.647058486938477,
    0,
    0,
    -20,
    -5.176470756530762,
    -2.588235378265381,
    -17.647058486938477,
    8.823529243469238,
    0.8235294222831726,
    -15.058823585510254,
    5.058823585510254,
    7.058823585510254,
    -15.882352828979492,
    0,
    6.470588207244873,
    -18.823530197143555,
    5.176470756530762,
    -6.117647171020508,
    -8.470588684082031,
    8.823529243469238,
    -0.9411764740943909,
    -9.411765098571777,
    -5.176470756530762,
    -6.117647171020508,
    -8.470588684082031,
    0,
    -0.9411764740943909,
    20,
    -8.823529243469238,
    0.8235294222831726,
    -15.058823585510254,
    -8.823529243469238,
    -0.9411764740943909,
    -9.411765098571777,
    -5.058823585510254,
    7.058823585510254,
    -15.882352828979492
  ],
  "indices": [
    3,
    0,
    1,
    3,
    1,
    3,
    3,
    0,
    4,
    3,
    4,
    12,
    3,
    1,
    2,
    3,
    2,
    3,
    0,
    3,
    3,
    0,
    3,
    2,
    3,
    3,
    4,
    3,
    4,
    0,
    0,
    3,
    3,
    0,
    3,
    7,
    0,
    3,
    3,
    0,
    3,
    14,
    3,
    5,
    1,
    3,
    1,
    8,
    3,
    5,
    2,
    3,
    2,
    1,
    0,
    3,
    5,
    0,
    5,
    6,
    0,
    0,
    3,
    0,
    3,
    6,
    0,
    3,
    6,
    0,
    6,
    7,
    0,
    3,
    8,
    0,
    8,
    1,
    0,
    3,
    8,
    0,
    8,
    0,
    3,
    8,
    9,
    3,
    9,
    5,
    0,
    3,
    9,
    0,
    9,
    8,
    0,
    0,
    3,
    0,
    3,
    9,
    0,
    3,
    10,
    0,
    10,
    11,
    0,
    3,
    11,
    0,
    11,
    10,
    0,
    3,
    12,
    0,
    12,
    4,
    3,
    12,
    10,
    3,
    10,
    0,
    3,
    12,
    13,
    3,
    13,
    10,
    0,
    0,
    3,
    0,
    3,
    13,
    0,
    0,
    3,
    0,
    3,
    14,
    0,
    3,
    14,
    0,
    14,
    7,
    0,
    0,
    3,
    0,
    3,
    14
  ],
  "normals": [
    127,
    127,
    0,
    127,
    127,
    0,
    127,
    127,
    0,
    127,
    127,
    0,
    127,
    127,
    0,
    127,
    127,
    0,
    127,
    127,
    -0.7698000073432922,
    127,
    127,
    -0.7698000073432922,
    127,
    127,
    -0.7698000073432922,
    127,
    127,
    -0.7698000073432922,
    127,
    127,
    -0.7698000073432922,
    127,
    127,
    -0.7698000073432922,
    127,
    127,
    0,
    127,
    127,
    0,
    127,
    127,
    0,
    127,
    127,
    0,
    127,
    127,
    0,
    127,
    127,
    0,
    127,
    127,
    0.4746699929237366,
    127,
    127,
    0.4746699929237366,
    127,
    127,
    0.4746699929237366,
    127,
    127,
    0.4746699929237366,
    127,
    127,
    0.4746699929237366,
    127,
    127,
    0.4746699929237366,
    127,
    127,
    0,
    127,
    127,
    0,
    127,
    127,
    0,
    127,
    127,
    0,
    127,
    127,
    0,
    127,
    127,
    0,
    127,
    127,
    -0.4746699929237366,
    127,
    127,
    -0.4746699929237366,
    127,
    127,
    -0.4746699929237366,
    127,
    127,
    -0.4746699929237366,
    127,
    127,
    -0.4746699929237366,
    127,
    127,
    -0.4746699929237366,
    127,
    127,
    -0.4746699929237366,
    127,
    127,
    -0.4746699929237366,
    127,
    127,
    -0.4746699929237366,
    127,
    127,
    -0.4746699929237366,
    127,
    127,
    -0.4746699929237366,
    127,
    127,
    -0.4746699929237366,
    127,
    127,
    0.7698000073432922,
    127,
    127,
    0.7698000073432922,
    127,
    127,
    0.7698000073432922,
    127,
    127,
    0.7698000073432922,
    127,
    127,
    0.7698000073432922,
    127,
    127,
    0.7698000073432922,
    127,
    127,
    0.7698000073432922,
    127,
    127,
    0.7698000073432922,
    127,
    127,
    0.7698000073432922,
    127,
    127,
    0.7698000073432922,
    127,
    127,
    0.7698000073432922,
    127,
    127,
    0.7698000073432922,
    127,
    127,
    0.4746699929237366,
    127,
    127,
    0.4746699929237366,
    127,
    127,
    0.4746699929237366,
    127,
    127,
    0.4746699929237366,
    127,
    127,
    0.4746699929237366,
    127,
    127,
    0.4746699929237366,
    127,
    127,
    0.8346899747848511,
    127,
    127,
    0.8346899747848511,
    127,
    127,
    0.8346899747848511,
    127,
    127,
    0.8346899747848511,
    127,
    127,
    0.8346899747848511,
    127,
    127,
    0.8346899747848511,
    127,
    127,
    0.4746699929237366,
    127,
    127,
    0.4746699929237366,
    127,
    127,
    0.4746699929237366,
    127,
    127,
    0.4746699929237366,
    127,
    127,
    0.4746699929237366,
    127,
    127,
    0.4746699929237366,
    127,
    127,
    0,
    127,
    127,
    0,
    127,
    127,
    0,
    127,
    127,
    0,
    127,
    127,
    0,
    127,
    127,
    0,
    127,
    127,
    0,
    127,
    127,
    0,
    127,
    127,
    0,
    127,
    127,
    0,
    127,
    127,
    0,
    127,
    127,
    0,
    127,
    127,
    0.7698000073432922,
    127,
    127,
    0.7698000073432922,
    127,
    127,
    0.7698000073432922,
    127,
    127,
    0.7698000073432922,
    127,
    127,
    0.7698000073432922,
    127,
    127,
    0.7698000073432922,
    127,
    127,
    0.8131200075149536,
    127,
    127,
    0.8131200075149536,
    127,
    127,
    0.8131200075149536,
    127,
    127,
    0.8131200075149536,
    127,
    127,
    0.8131200075149536,
    127,
    127,
    0.8131200075149536,
    127,
    127,
    0.7908899784088135,
    127,
    127,
    0.7908899784088135,
    127,
    127,
    0.7908899784088135,
    127,
    127,
    0.7908899784088135,
    127,
    127,
    0.7908899784088135,
    127,
    127,
    0.7908899784088135,
    127,
    127,
    0,
    127,
    127,
    0,
    127,
    127,
    0,
    127,
    127,
    0,
    127,
    127,
    0,
    127,
    127,
    0,
    127,
    127,
    -0.8131200075149536,
    127,
    127,
    -0.8131200075149536,
    127,
    127,
    -0.8131200075149536,
    127,
    127,
    -0.8131200075149536,
    127,
    127,
    -0.8131200075149536,
    127,
    127,
    -0.8131200075149536,
    127,
    127,
    -0.4746699929237366,
    127,
    127,
    -0.4746699929237366,
    127,
    127,
    -0.4746699929237366,
    127,
    127,
    -0.4746699929237366,
    127,
    127,
    -0.4746699929237366,
    127,
    127,
    -0.4746699929237366,
    127,
    127,
    -0.7698000073432922,
    127,
    127,
    -0.7698000073432922,
    127,
    127,
    -0.7698000073432922,
    127,
    127,
    -0.7698000073432922,
    127,
    127,
    -0.7698000073432922,
    127,
    127,
    -0.7698000073432922,
    127,
    127,
    -0.7698000073432922,
    127,
    127,
    -0.7698000073432922,
    127,
    127,
    -0.7698000073432922,
    127,
    127,
    -0.7698000073432922,
    127,
    127,
    -0.7698000073432922,
    127,
    127,
    -0.7698000073432922,
    127,
    127,
    -0.8346899747848511,
    127,
    127,
    -0.8346899747848511,
    127,
    127,
    -0.8346899747848511,
    127,
    127,
    -0.8346899747848511,
    127,
    127,
    -0.8346899747848511,
    127,
    127,
    -0.8346899747848511,
    127,
    127,
    0,
    127,
    127,
    0,
    127,
    127,
    0,
    127,
    127,
    0,
    127,
    127,
    0,
    127,
    127,
    0,
    127,
    127,
    0,
    127,
    127,
    0,
    127,
    127,
    0,
    127,
    127,
    0,
    127,
    127,
    0,
    127,
    127,
    0,
    127,
    127,
    -0.7908899784088135,
    127,
    127,
    -0.7908899784088135,
    127,
    127,
    -0.7908899784088135,
    127,
    127,
    -0.7908899784088135,
    127,
    127,
    -0.7908899784088135,
    127,
    127,
    -0.7908899784088135
  ],