{
  "vertices": [
    -5.5714287757873535,
    -1.0714285373687744,
    15,
    5.5714287757873535,
    -1.0714285373687744,
    15,
    9.214285850524902,
    -3.4285714626312256,
    3,
    0,
    -4.285714149475098,
    -3,
    -9.214285850524902,
    -3.4285714626312256,
    3,
    -13.928571701049805,
    0,
    -3,
    0,
    -2.142857074737549,
    -15,
    -9.214285850524902,
    0,
    -15,
    13.928571701049805,
    0,
    -3,
    9.214285850524902,
    0,
    -15,
    9.214285850524902,
    4.285714149475098,
    3,
    -9.214285850524902,
    4.285714149475098,
    3,
    0,
    2.142857074737549,
    -15
  ],
  "indices": [
    0,
    3,
    2,
    0,
    2,
    3,
    0,
    3,
    4,
    0,
    4,
    0,
    0,
    3,
    4,
    0,
    4,
    1,
    3,
    2,
    8,
    3,
    8,
    9,
    3,
    2,
    9,
    3,
    9,
    6,
    3,
    6,
    3,
    3,
    3,
    2,
    3,
    4,
    3,
    3,
    3,
    6,
    3,
    6,
    7,
    3,
    7,
    4,
    3,
    7,
    5,
    3,
    5,
    4,
    0,
    0,
    3,
    0,
    3,
    10,
    0,
    0,
    3,
    0,
    3,
    10,
    0,
    3,
    9,
    0,
    9,
    8,
    0,
    3,
    12,
    0,
    12,
    9,
    0,
    3,
    11,
    0,
    11,
    5,
    0,
    3,
    11,
    0,
    11,
    7,
    0,
    3,
    12,
    0,
    12,
    7,
    0,
    3,
    12,
    0,
    12,
    6,
    0,
    3,
    2,
    0,
    2,
    1,
    0,
    3,
    5,
    0,
    5,
    0,
    0,
    0,
    3,
    0,
    3,
    8,
    0,
    0,
    3,
    0,
    3,
    11,
    0,
    3,
    11,
    0,
    11,
    12
  ],
  "normals": [
    0,
    0,
    0,
    0,
    0,
    0,
    0,
    0,
    0,
    0,
    0,
    0,
    0,
    0,
    0,
    0,
    0,
    0,
    0,
    0,
    0,
    0,
    0,
    0,
    0,
    0,
    0,
    0,
    0,
    0,
    0,
    0,
    0,
    0,
    0,
    0,
    0,
    0,
    0,
    0,
    0,
    0,
    0,
    0,
    0,
    0,
    0,
    0,
    0,
    0,
    0,
    0,
    0,
    0,
    0,
    0,
    0.4300000071525574,
    0,
    0,
    0.4300000071525574,
    0,
    0,
    0.4300000071525574,
    0,
    0,
    0.4300000071525574,
    0,
    0,
    0.4300000071525574,
    0,
    0,
    0.4300000071525574,
    0,
    0,
    0.2227099984884262,
    0,
    0,
    0.2227099984884262,
    0,
    0,
    0.2227099984884262,
    0,
    0,
    0.2227099984884262,
    0,
    0,
    0.2227099984884262,
    0,
    0,
    0.2227099984884262,
    0,
    0,
    0.20180000364780426,
    0,
    0,
    0.20180000364780426,
    0,
    0,
    0.20180000364780426,
    0,
    0,
    0.20180000364780426,
    0,
    0,
    0.20180000364780426,
    0,
    0,
    0.20180000364780426,
    0,
    0,
    -0.20180000364780426,
    0,
    0,
    -0.20180000364780426,
    0,
    0,
    -0.20180000364780426,
    0,
    0,
    -0.20180000364780426,
    0,
    0,
    -0.20180000364780426,
    0,
    0,
    -0.20180000364780426,
    0,
    0,
    -0.2227099984884262,
    0,
    0,
    -0.2227099984884262,
    0,
    0,
    -0.2227099984884262,
    0,
    0,
    -0.2227099984884262,
    0,
    0,
    -0.2227099984884262,
    0,
    0,
    -0.2227099984884262,
    0,
    0,
    -0.4300000071525574,
    0,
    0,
    -0.4300000071525574,
    0,
    0,
    -0.4300000071525574,
    0,
    0,
    -0.4300000071525574,
    0,
    0,
    -0.4300000071525574,
    0,
    0,
    -0.4300000071525574,
    0,
    0,
    0,
    0,
    0,
    0,
    0,
    0,
    0,
    0,
    0,
    0,
    0,
    0,
    0,
    0,
    0,
    0,
    0,
    0,
    0,
    0,
    0,
    0,
    0,
    0,
    0,
    0,
    0,
    0,
    0,
    0,
    0,
    0,
    0,
    0,
    0,
    0,
    0.5078799724578857,
    0,
    0,
    0.5078799724578857,
    0,
    0,
    0.5078799724578857,
    0,
    0,
    0.5078799724578857,
    0,
    0,
    0.5078799724578857,
    0,
    0,
    0.5078799724578857,
    0,
    0,
    0.220660001039505,
    0,
    0,
    0.220660001039505,
    0,
    0,
    0.220660001039505,
    0,
    0,
    0.220660001039505,
    0,
    0,
    0.220660001039505,
    0,
    0,
    0.220660001039505,
    0,
    0,
    -0.5078799724578857,
    0,
    0,
    -0.5078799724578857,
    0,
    0,
    -0.5078799724578857,
    0,
    0,
    -0.5078799724578857,
    0,
    0,
    -0.5078799724578857,
    0,
    0,
    -0.5078799724578857,
    0,
    0,
    -0.220660001039505,
    0,
    0,
    -0.220660001039505,
    0,
    0,
    -0.220660001039505,
    0,
    0,
    -0.220660001039505,
    0,
    0,
    -0.220660001039505,
    0,
    0,
    -0.220660001039505,
    0,
    0,
    0,
    0,
    0,
    0,
    0,
    0,
    0,
    0,
    0,
    0,
    0,
    0,
    0,
    0,
    0,
    0,
    0,
    0,
    0,
    0,
    0,
    0,
    0,
    0,
    0,
    0,
    0,
    0,
    0,
    0,
    0,
    0,
    0,
    0,
    0,
    0,
    0.7964299917221069,
    0,
    0,
    0.7964299917221069,
    0,
    0,
    0.7964299917221069,
    0,
    0,
    0.7964299917221069,
    0,
    0,
    0.7964299917221069,
    0,
    0,
    0.7964299917221069,
    0,
    0,
    -0.7964299917221069,
    0,
    0,
    -0.7964299917221069,
    0,
    0,
    -0.7964299917221069,
    0,
    0,
    -0.7964299917221069,
    0,
    0,
    -0.7964299917221069,
    0,
    0,
    -0.7964299917221069,
    0,
    0,
    0.8416500091552734,
    0,
    0,
    0.8416500091552734,
    0,
    0,
    0.8416500091552734,
    0,
    0,
    0.8416500091552734,
    0,
    0,
    0.8416500091552734,
    0,
    0,
    0.8416500091552734,
    0,
    0,
    -0.8416500091552734,
    0,
    0,
    -0.8416500091552734,
    0,
    0,
    -0.8416500091552734,
    0,
    0,
    -0.8416500091552734,
    0,
    0,
    -0.8416500091552734,
    0,
    0,
    -0.8416500091552734,
    0,
    0,
    0,
    0,
    0,
    0,
    0,
    0,
    0,
    0,
    0,
    0,
    0,
    0,
    0,
    0,
    0,
    0
  ],