{
  "vertices": [
    -2.034782648086548,
    0,
    -18,
    0,
    3.4434783458709717,
    -17.53043556213379,
    0,
    9.391304016113281,
    -14.243477821350098,
    -6.1043477058410645,
    9.391304016113281,
    -10.017391204833984,
    -10.17391300201416,
    2.504347801208496,
    -11.113043785095215,
    -7.199999809265137,
    -2.9739129543304443,
    -16.591304779052734,
    2.034782648086548,
    0,
    -18,
    -4.069565296173096,
    -9.391304016113281,
    -13.617391586303711,
    4.069565296173096,
    -9.391304016113281,
    -13.617391586303711,
    7.199999809265137,
    -2.9739129543304443,
    -16.591304779052734,
    10.17391300201416,
    2.504347801208496,
    -11.113043785095215,
    6.1043477058410645,
    9.391304016113281,
    -10.017391204833984,
    0,
    2.504347801208496,
    18
  ],
  "indices": [
    3,
    0,
    5,
    3,
    5,
    7,
    0,
    3,
    1,
    0,
    1,
    0,
    0,
    3,
    1,
    0,
    1,
    2,
    0,
    3,
    1,
    0,
    1,
    6,
    0,
    3,
    1,
    0,
    1,
    10,
    1,
    0,
    3,
    1,
    3,
    3,
    0,
    3,
    3,
    0,
    3,
    4,
    0,
    3,
    3,
    0,
    3,
    0,
    0,
    0,
    3,
    0,
    3,
    4,
    0,
    3,
    4,
    0,
    4,
    5,
    3,
    5,
    4,
    3,
    4,
    7,
    3,
    6,
    0,
    3,
    0,
    7,
    3,
    6,
    7,
    3,
    7,
    8,
    0,
    3,
    6,
    0,
    6,
    9,
    0,
    3,
    7,
    0,
    7,
    4,
    0,
    3,
    8,
    0,
    8,
    7,
    3,
    8,
    9,
    3,
    9,
    6,
    3,
    9,
    8,
    3,
    8,
    10,
    0,
    3,
    10,
    0,
    10,
    8,
    0,
    3,
    11,
    0,
    11,
    2,
    0,
    0,
    3,
    0,
    3,
    11,
    0,
    0,
    3,
    0,
    3,
    12
  ],
  "normals": [
    127,
    127,
    0,
    127,
    127,
    0,
    127,
    127,
    0,
    127,
    127,
    0,
    127,
    127,
    0,
    127,
    127,
    0,
    127,
    127,
    0,
    127,
    127,
    0,
    127,
    127,
    0,
    127,
    127,
    0,
    127,
    127,
    0,
    127,
    127,
    0,
    127,
    127,
    -0.5059700012207031,
    127,
    127,
    -0.5059700012207031,
    127,
    127,
    -0.5059700012207031,
    127,
    127,
    -0.5059700012207031,
    127,
    127,
    -0.5059700012207031,
    127,
    127,
    -0.5059700012207031,
    127,
    127,
    0.5059700012207031,
    127,
    127,
    0.5059700012207031,
    127,
    127,
    0.5059700012207031,
    127,
    127,
    0.5059700012207031,
    127,
    127,
    0.5059700012207031,
    127,
    127,
    0.5059700012207031,
    127,
    127,
    0.5059700012207031,
    127,
    127,
    0.5059700012207031,
    127,
    127,
    0.5059700012207031,
    127,
    127,
    0.5059700012207031,
    127,
    127,
    0.5059700012207031,
    127,
    127,
    0.5059700012207031,
    127,
    127,
    0,
    127,
    127,
    0,
    127,
    127,
    0,
    127,
    127,
    0,
    127,
    127,
    0,
    127,
    127,
    0,
    127,
    127,
    -0.5059700012207031,
    127,
    127,
    -0.5059700012207031,
    127,
    127,
    -0.5059700012207031,
    127,
    127,
    -0.5059700012207031,
    127,
    127,
    -0.5059700012207031,
    127,
    127,
    -0.5059700012207031,
    127,
    127,
    -0.5059700012207031,
    127,
    127,
    -0.5059700012207031,
    127,
    127,
    -0.5059700012207031,
    127,
    127,
    -0.5059700012207031,
    127,
    127,
    -0.5059700012207031,
    127,
    127,
    -0.5059700012207031,
    127,
    127,
    -0.8425499796867371,
    127,
    127,
    -0.8425499796867371,
    127,
    127,
    -0.8425499796867371,
    127,
    127,
    -0.8425499796867371,
    127,
    127,
    -0.8425499796867371,
    127,
    127,
    -0.8425499796867371,
    127,
    127,
    -0.5059700012207031,
    127,
    127,
    -0.5059700012207031,
    127,
    127,
    -0.5059700012207031,
    127,
    127,
    -0.5059700012207031,
    127,
    127,
    -0.5059700012207031,
    127,
    127,
    -0.5059700012207031,
    127,
    127,
    -0.89205002784729,
    127,
    127,
    -0.89205002784729,
    127,
    127,
    -0.89205002784729,
    127,
    127,
    -0.89205002784729,
    127,
    127,
    -0.89205002784729,
    127,
    127,
    -0.89205002784729,
    127,
    127,
    0,
    127,
    127,
    0,
    127,
    127,
    0,
    127,
    127,
    0,
    127,
    127,
    0,
    127,
    127,
    0,
    127,
    127,
    0,
    127,
    127,
    0,
    127,
    127,
    0,
    127,
    127,
    0,
    127,
    127,
    0,
    127,
    127,
    0,
    127,
    127,
    0.5059700012207031,
    127,
    127,
    0.5059700012207031,
    127,
    127,
    0.5059700012207031,
    127,
    127,
    0.5059700012207031,
    127,
    127,
    0.5059700012207031,
    127,
    127,
    0.5059700012207031,
    127,
    127,
    -0.8258100152015686,
    127,
    127,
    -0.8258100152015686,
    127,
    127,
    -0.8258100152015686,
    127,
    127,
    -0.8258100152015686,
    127,
    127,
    -0.8258100152015686,
    127,
    127,
    -0.8258100152015686,
    127,
    127,
    0,
    127,
    127,
    0,
    127,
    127,
    0,
    127,
    127,
    0,
    127,
    127,
    0,
    127,
    127,
    0,
    127,
    127,
    0,
    127,
    127,
    0,
    127,
    127,
    0,
    127,
    127,
    0,
    127,
    127,
    0,
    127,
    127,
    0,
    127,
    127,
    0.89205002784729,
    127,
    127,
    0.89205002784729,
    127,
    127,
    0.89205002784729,
    127,
    127,
    0.89205002784729,
    127,
    127,
    0.89205002784729,
    127,
    127,
    0.89205002784729,
    127,
    127,
    0.8258100152015686,
    127,
    127,
    0.8258100152015686,
    127,
    127,
    0.8258100152015686,
    127,
    127,
    0.8258100152015686,
    127,
    127,
    0.8258100152015686,
    127,
    127,
    0.8258100152015686,
    127,
    127,
    0.5059700012207031,
    127,
    127,
    0.5059700012207031,
    127,
    127,
    0.5059700012207031,
    127,
    127,
    0.5059700012207031,
    127,
    127,
    0.5059700012207031,
    127,
    127,
    0.5059700012207031,
    127,
    127,
    0.8425499796867371,
    127,
    127,
    0.8425499796867371,
    127,
    127,
    0.8425499796867371,
    127,
    127,
    0.8425499796867371,
    127,
    127,
    0.8425499796867371,
    127,
    127,
    0.8425499796867371,
    127,
    127,
    0,
    127,
    127,
    0,
    127,
    127,
    0,
    127,
    127,
    0,
    127,
    127,
    0,
    127,
    127,
    0
  ],