{
  "vertices": [
    -14.1304349899292,
    0.6521739363670349,
    -25,
    0,
    -13.043478012084961,
    -14.782608985900879,
    0,
    0.8695651888847351,
    25,
    -12.82608699798584,
    13.043478012084961,
    -19.130434036254883,
    12.82608699798584,
    13.043478012084961,
    -19.130434036254883,
    14.1304349899292,
    0.6521739363670349,
    -25
  ],
  "indices": [
    0,
    3,
    1,
    0,
    1,
    0,
    0,
    3,
    2,
    0,
    2,
    0,
    0,
    3,
    3,
    0,
    3,
    0,
    0,
    0,
    3,
    0,
    3,
    4,
    0,
    3,
    4,
    0,
    4,
    3,
    3,
    5,
    0,
    3,
    0,
    1,
    0,
    3,
    5,
    0,
    5,
    1,
    0,
    3,
    5,
    0,
    5,
    2
  ],
  "normals": [
    127,
    127,
    -0.755620002746582,
    127,
    127,
    -0.755620002746582,
    127,
    127,
    -0.755620002746582,
    127,
    127,
    -0.755620002746582,
    127,
    127,
    -0.755620002746582,
    127,
    127,
    -0.755620002746582,
    127,
    127,
    -0.9619100093841553,
    127,
    127,
    -0.9619100093841553,
    127,
    127,
    -0.9619100093841553,
    127,
    127,
    -0.9619100093841553,
    127,
    127,
    -0.9619100093841553,
    127,
    127,
    -0.9619100093841553,
    127,
    127,
    0,
    127,
    127,
    0,
    127,
    127,
    0,
    127,
    127,
    0,
    127,
    127,
    0,
    127,
    127,
    0,
    127,
    127,
    0,
    127,
    127,
    0,
    127,
    127,
    0,
    127,
    127,
    0,
    127,
    127,
    0,
    127,
    127,
    0,
    127,
    127,
    0,
    127,
    127,
    0,
    127,
    127,
    0,
    127,
    127,
    0,
    127,
    127,
    0,
    127,
    127,
    0,
    127,
    127,
    0,
    127,
    127,
    0,
    127,
    127,
    0,
    127,
    127,
    0,
    127,
    127,
    0,
    127,
    127,
    0,
    127,
    127,
    0.755620002746582,
    127,
    127,
    0.755620002746582,
    127,
    127,
    0.755620002746582,
    127,
    127,
    0.755620002746582,
    127,
    127,
    0.755620002746582,
    127,
    127,
    0.755620002746582,
    127,
    127,
    0.9619100093841553,
    127,
    127,
    0.9619100093841553,
    127,
    127,
    0.9619100093841553,
    127,
    127,
    0.9619100093841553,
    127,
    127,
    0.9619100093841553,
    127,
    127,
    0.9619100093841553
  ],
  "colors": [
    0.5,
    0.5,
    0.5,
    0.5,
    0.5,
    0.5,
    0.5,
    0.5,
    0.5,
    0.5,
    0.5,
    0.5,
    0.5,
    0.5,
    0.5,
    0.5,
    0.5,
    0.5,
    0.5,
    0.5,
    0.5,
    0.5,
    0.5,
    0.5,
    0.5,
    0.5,
    0.5,
    0.5,
    0.5,
    0.5,
    0.5,
    0.5,
    0.5,
    0.5,
    0.5,
    0.5,
    0.5,
    0.5,
    0.5,
    0.5,
    0.5,
    0.5,
    0.5,
    0.5,
    0.5,
    0.5,
    0.5,
    0.5,
    0.5,
    0.5,
    0.5,
    0.5,
    0.5,
    0.5,
    0.5,
    0.5,
    0.5,
    0.5,
    0.5,
    0.5,
    0.5,
    0.5,
    0.5,
    0.5,
    0.5,
    0.5,
    0.5,
    0.5,
    0.5,
    0.5,
    0.5,
    0.5,
    0.5,
    0.5,
    0.5,
    0.5,
    0.5,
    0.5,
    0.5,
    0.5,
    0.5,
    0.5,
    0.5,
    0.5,
    0.5,
    0.5,
    0.5,
    0.5,
    0.5,
    0.5,
    0.5,
    0.5,
    0.5,
    0.5,
    0.5,
    0.5,
    0.5,
    0.5,
    0.5,
    0.5,
    0.5,
    0.5,
    0.5,
    0.5,
    0.5,
    0.5,
    0.5,
    0.5,
    0.5,
    0.5,
    0.5,
    0.5,
    0.5,
    0.5,
    0.5,
    0.5,
    0.5,
    0.5,
    0.5,
    0.5,
    0.5,
    0.5,
    0.5,
    0.5,
    0.5,
    0.5,
    0.5,
    0.5,
    0.5,
    0.5,
    0.5,
    0.5,
    0.5,
    0.5,
    0.5,
    0.5,
    0.5,
    0.5,
    0.5,
    0.5,
    0.5,
    0.5,
    0.5,
    0.5
  ],
  "bounds": {
    "maxX": 14.130434782608695,
    "maxY": 13.043478260869565,
    "maxZ": 25,
    "maxDimension": 25
  },
  "textures": [
    {
      "name": "boa2_redux.png\t1.0 1.0\t0.050668 0.312445\t0.155492 0.580333\t0.500013 0.000889",
      "path": "boa2_redux.png\t1.0 1.0\t0.050668 0.312445\t0.155492 0.580333\t0.500013 0.000889"
    },
    {
      "name": "boa2_redux.png\t1.0 1.0\t0.500013 0.000889\t0.155492 0.580333\t0.333596 0.594834",
      "path": "boa2_redux.png\t1.0 1.0\t0.500013 0.000889\t0.155492 0.580333\t0.333596 0.594834"
    },
    {
      "name": "boa2_redux.png\t1.0 1.0\t0.333596 0.594834\t0.316656 0.772725\t0.683319 0.772725",
      "path": "boa2_redux.png\t1.0 1.0\t0.333596 0.594834\t0.316656 0.772725\t0.683319 0.772725"
    },
    {
      "name": "boa2_redux.png\t1.0 1.0\t0.666413 0.594834\t0.500013 0.000889\t0.333596 0.594834",
      "path": "boa2_redux.png\t1.0 1.0\t0.666413 0.594834\t0.500013 0.000889\t0.333596 0.594834"
    },
    {
      "name": "boa2_redux.png\t1.0 1.0\t0.666413 0.594834\t0.333596 0.594834\t0.683319 0.772725",
      "path": "boa2_redux.png\t1.0 1.0\t0.666413 0.594834\t0.333596 0.594834\t0.683319 0.772725"
    },
    {
      "name": "boa2_redux.png\t1.0 1.0\t0.683319 0.772725\t0.316656 0.772725\t0.500013 0.994416",
      "path": "boa2_redux.png\t1.0 1.0\t0.683319 0.772725\t0.316656 0.772725\t0.500013 0.994416"
    },
    {
      "name": "boa2_redux.png\t1.0 1.0\t0.844519 0.580333\t0.949393 0.312445\t0.500013 0.000889",
      "path": "boa2_redux.png\t1.0 1.0\t0.844519 0.580333\t0.949393 0.312445\t0.500013 0.000889"
    },
    {
      "name": "boa2_redux.png\t1.0 1.0\t0.844519 0.580333\t0.500013 0.000889\t0.666413 0.594834",
      "path": "boa2_redux.png\t1.0 1.0\t0.844519 0.580333\t0.500013 0.000889\t0.666413 0.594834"
    }
  ],
  "metadata": {
    "originalVertexCount": 6,
    "originalFaceCount": 8,
    "triangleCount": 16,
    "hasTextures": true
  },
  "shipInfo": {
    "name": "Boa Class Cruiser",
    "type": "cruiser",
    "originalFile": "boa2_redux.dat",
    "gameSize": 25
  }
}