{
  "vertices": [
    0,
    2.769230842590332,
    0,
    2.9538462162017822,
    -0.0923076942563057,
    6,
    -2.9538462162017822,
    -0.0923076942563057,
    6,
    2.9538462162017822,
    -2.769230842590332,
    -6,
    -2.9538462162017822,
    -2.769230842590332,
    -6,
    -8.123077392578125,
    1.8461538553237915,
    -6,
    -11.076923370361328,
    -0.5538461804389954,
    -2.4000000953674316,
    -12,
    -0.5538461804389954,
    -6,
    8.123077392578125,
    1.8461538553237915,
    -6,
    11.076923370361328,
    -0.5538461804389954,
    -2.4000000953674316,
    12,
    -0.5538461804389954,
    -6,
    0,
    2.769230842590332,
    -6
  ],
  "indices": [
    0,
    0,
    3,
    0,
    3,
    1,
    0,
    0,
    3,
    0,
    3,
    2,
    0,
    3,
    3,
    0,
    3,
    1,
    0,
    3,
    4,
    0,
    4,
    2,
    0,
    3,
    4,
    0,
    4,
    1,
    0,
    3,
    4,
    0,
    4,
    7,
    0,
    0,
    3,
    0,
    3,
    5,
    0,
    0,
    3,
    0,
    3,
    5,
    0,
    3,
    6,
    0,
    6,
    2,
    0,
    0,
    3,
    0,
    3,
    7,
    0,
    0,
    3,
    0,
    3,
    8,
    0,
    3,
    8,
    0,
    8,
    11,
    0,
    3,
    8,
    0,
    8,
    5,
    0,
    3,
    8,
    0,
    8,
    7,
    0,
    3,
    8,
    0,
    8,
    4,
    0,
    3,
    8,
    0,
    8,
    3,
    0,
    0,
    3,
    0,
    3,
    9,
    0,
    0,
    3,
    0,
    3,
    9,
    0,
    3,
    9,
    0,
    9,
    10,
    0,
    0,
    3,
    0,
    3,
    11
  ],
  "normals": [
    127,
    127,
    0.3103399872779846,
    127,
    127,
    0.3103399872779846,
    127,
    127,
    0.3103399872779846,
    127,
    127,
    0.3103399872779846,
    127,
    127,
    0.3103399872779846,
    127,
    127,
    0.3103399872779846,
    127,
    127,
    0,
    127,
    127,
    0,
    127,
    127,
    0,
    127,
    127,
    0,
    127,
    127,
    0,
    127,
    127,
    0,
    127,
    127,
    0.1673000007867813,
    127,
    127,
    0.1673000007867813,
    127,
    127,
    0.1673000007867813,
    127,
    127,
    0.1673000007867813,
    127,
    127,
    0.1673000007867813,
    127,
    127,
    0.1673000007867813,
    127,
    127,
    0,
    127,
    127,
    0,
    127,
    127,
    0,
    127,
    127,
    0,
    127,
    127,
    0,
    127,
    127,
    0,
    127,
    127,
    0,
    127,
    127,
    0,
    127,
    127,
    0,
    127,
    127,
    0,
    127,
    127,
    0,
    127,
    127,
    0,
    127,
    127,
    -0.23743000626564026,
    127,
    127,
    -0.23743000626564026,
    127,
    127,
    -0.23743000626564026,
    127,
    127,
    -0.23743000626564026,
    127,
    127,
    -0.23743000626564026,
    127,
    127,
    -0.23743000626564026,
    127,
    127,
    -0.3103399872779846,
    127,
    127,
    -0.3103399872779846,
    127,
    127,
    -0.3103399872779846,
    127,
    127,
    -0.3103399872779846,
    127,
    127,
    -0.3103399872779846,
    127,
    127,
    -0.3103399872779846,
    127,
    127,
    -0.357450008392334,
    127,
    127,
    -0.357450008392334,
    127,
    127,
    -0.357450008392334,
    127,
    127,
    -0.357450008392334,
    127,
    127,
    -0.357450008392334,
    127,
    127,
    -0.357450008392334,
    127,
    127,
    -0.1673000007867813,
    127,
    127,
    -0.1673000007867813,
    127,
    127,
    -0.1673000007867813,
    127,
    127,
    -0.1673000007867813,
    127,
    127,
    -0.1673000007867813,
    127,
    127,
    -0.1673000007867813,
    127,
    127,
    -0.5216299891471863,
    127,
    127,
    -0.5216299891471863,
    127,
    127,
    -0.5216299891471863,
    127,
    127,
    -0.5216299891471863,
    127,
    127,
    -0.5216299891471863,
    127,
    127,
    -0.5216299891471863,
    127,
    127,
    0.11291000247001648,
    127,
    127,
    0.11291000247001648,
    127,
    127,
    0.11291000247001648,
    127,
    127,
    0.11291000247001648,
    127,
    127,
    0.11291000247001648,
    127,
    127,
    0.11291000247001648,
    127,
    127,
    0,
    127,
    127,
    0,
    127,
    127,
    0,
    127,
    127,
    0,
    127,
    127,
    0,
    127,
    127,
    0,
    127,
    127,
    0,
    127,
    127,
    0,
    127,
    127,
    0,
    127,
    127,
    0,
    127,
    127,
    0,
    127,
    127,
    0,
    127,
    127,
    0,
    127,
    127,
    0,
    127,
    127,
    0,
    127,
    127,
    0,
    127,
    127,
    0,
    127,
    127,
    0,
    127,
    127,
    0,
    127,
    127,
    0,
    127,
    127,
    0,
    127,
    127,
    0,
    127,
    127,
    0,
    127,
    127,
    0,
    127,
    127,
    0,
    127,
    127,
    0,
    127,
    127,
    0,
    127,
    127,
    0,
    127,
    127,
    0,
    127,
    127,
    0,
    127,
    127,
    0.357450008392334,
    127,
    127,
    0.357450008392334,
    127,
    127,
    0.357450008392334,
    127,
    127,
    0.357450008392334,
    127,
    127,
    0.357450008392334,
    127,
    127,
    0.357450008392334,
    127,
    127,
    0.5216299891471863,
    127,
    127,
    0.5216299891471863,
    127,
    127,
    0.5216299891471863,
    127,
    127,
    0.5216299891471863,
    127,
    127,
    0.5216299891471863,
    127,
    127,
    0.5216299891471863,
    127,
    127,
    0.23743000626564026,
    127,
    127,
    0.23743000626564026,
    127,
    127,
    0.23743000626564026,
    127,
    127,
    0.23743000626564026,
    127,
    127,
    0.23743000626564026,
    127,
    127,
    0.23743000626564026,
    127,
    127,
    -0.11291000247001648,
    127,
    127,
    -0.11291000247001648,
    127,
    127,
    -0.11291000247001648,
    127,
    127,
    -0.11291000247001648,
    127,
    127,
    -0.11291000247001648,
    127,
    127,
    -0.11291000247001648
  ],