{
  "vertices": [
    4.666666507720947,
    -2.3333332538604736,
    14,
    -4.666666507720947,
    -2.3333332538604736,
    14,
    -4.666666507720947,
    2.3333332538604736,
    -3.5,
    4.666666507720947,
    2.3333332538604736,
    -3.5,
    12.600000381469727,
    -2.3333332538604736,
    4.666666507720947,
    -12.600000381469727,
    -2.3333332538604736,
    4.666666507720947,
    -12.600000381469727,
    -2.3333332538604736,
    -14,
    12.600000381469727,
    -2.3333332538604736,
    -14,
    4.666666507720947,
    2.3333332538604736,
    -14,
    -4.666666507720947,
    2.3333332538604736,
    -14
  ],
  "indices": [
    0,
    0,
    3,
    0,
    3,
    2,
    0,
    0,
    3,
    0,
    3,
    2,
    0,
    0,
    3,
    0,
    3,
    2,
    0,
    0,
    3,
    0,
    3,
    4,
    0,
    0,
    3,
    0,
    3,
    6,
    0,
    0,
    3,
    0,
    3,
    6,
    0,
    0,
    3,
    0,
    3,
    7,
    0,
    0,
    3,
    0,
    3,
    7,
    0,
    3,
    7,
    0,
    7,
    6,
    0,
    3,
    7,
    0,
    7,
    5,
    0,
    3,
    7,
    0,
    7,
    1,
    0,
    3,
    7,
    0,
    7,
    0,
    0,
    3,
    7,
    0,
    7,
    8,
    0,
    3,
    7,
    0,
    7,
    9,
    1,
    0,
    3,
    1,
    3,
    8,
    1,
    0,
    3,
    1,
    3,
    8
  ],
  "normals": [
    127,
    127,
    -0.29010000824928284,
    127,
    127,
    -0.29010000824928284,
    127,
    127,
    -0.29010000824928284,
    127,
    127,
    -0.29010000824928284,
    127,
    127,
    -0.29010000824928284,
    127,
    127,
    -0.29010000824928284,
    127,
    127,
    0,
    127,
    127,
    0,
    127,
    127,
    0,
    127,
    127,
    0,
    127,
    127,
    0,
    127,
    127,
    0,
    127,
    127,
    0,
    127,
    127,
    0,
    127,
    127,
    0,
    127,
    127,
    0,
    127,
    127,
    0,
    127,
    127,
    0,
    127,
    127,
    0.29010000824928284,
    127,
    127,
    0.29010000824928284,
    127,
    127,
    0.29010000824928284,
    127,
    127,
    0.29010000824928284,
    127,
    127,
    0.29010000824928284,
    127,
    127,
    0.29010000824928284,
    127,
    127,
    -0.5070199966430664,
    127,
    127,
    -0.5070199966430664,
    127,
    127,
    -0.5070199966430664,
    127,
    127,
    -0.5070199966430664,
    127,
    127,
    -0.5070199966430664,
    127,
    127,
    -0.5070199966430664,
    127,
    127,
    -0.5070199966430664,
    127,
    127,
    -0.5070199966430664,
    127,
    127,
    -0.5070199966430664,
    127,
    127,
    -0.5070199966430664,
    127,
    127,
    -0.5070199966430664,
    127,
    127,
    -0.5070199966430664,
    127,
    127,
    0.5070199966430664,
    127,
    127,
    0.5070199966430664,
    127,
    127,
    0.5070199966430664,
    127,
    127,
    0.5070199966430664,
    127,
    127,
    0.5070199966430664,
    127,
    127,
    0.5070199966430664,
    127,
    127,
    0.5070199966430664,
    127,
    127,
    0.5070199966430664,
    127,
    127,
    0.5070199966430664,
    127,
    127,
    0.5070199966430664,
    127,
    127,
    0.5070199966430664,
    127,
    127,
    0.5070199966430664,
    127,
    127,
    0,
    127,
    127,
    0,
    127,
    127,
    0,
    127,
    127,
    0,
    127,
    127,
    0,
    127,
    127,
    0,
    127,
    127,
    0,
    127,
    127,
    0,
    127,
    127,
    0,
    127,
    127,
    0,
    127,
    127,
    0,
    127,
    127,
    0,
    127,
    127,
    0,
    127,
    127,
    0,
    127,
    127,
    0,
    127,
    127,
    0,
    127,
    127,
    0,
    127,
    127,
    0,
    127,
    127,
    0,
    127,
    127,
    0,
    127,
    127,
    0,
    127,
    127,
    0,
    127,
    127,
    0,
    127,
    127,
    0,
    127,
    127,
    0,
    127,
    127,
    0,
    127,
    127,
    0,
    127,
    127,
    0,
    127,
    127,
    0,
    127,
    127,
    0,
    127,
    127,
    0,
    127,
    127,
    0,
    127,
    127,
    0,
    127,
    127,
    0,
    127,
    127,
    0,
    127,
    127,
    0,
    127,
    127,
    0,
    127,
    127,
    0,
    127,
    127,
    0,
    127,
    127,
    0,
    127,
    127,
    0,
    127,
    127,
    0,
    127,
    127,
    0,
    127,
    127,
    0,
    127,
    127,
    0,
    127,
    127,
    0,
    127,
    127,
    0,
    127,
    127,
    0
  ],
  "colors": [
    0.5,
    0.5,
    0.5,
    0.5,
    0.5,
    0.5,
    0.5,
    0.5,
    0.5,
    0.5,
    0.5,
    0.5,
    0.5,
    0.5,
    0.5,
    0.5,
    0.5,
    0.5,
    0.5,
    0.5,
    0.5,
    0.5,
    0.5,
    0.5,
    0.5,
    0.5,
    0.5,
    0.5,
    0.5,
    0.5,
    0.5,
    0.5,
    0.5,
    0.5,
    0.5,
    0.5,
    0.5,
    0.5,
    0.5,
    0.5,
    0.5,
    0.5,
    0.5,
    0.5,
    0.5,
    0.5,
    0.5,
    0.5,
    0.5,
    0.5,
    0.5,
    0.5,
    0.5,
    0.5,
    0.5,
    0.5,
    0.5,
    0.5,
    0.5,
    0.5,
    0.5,
    0.5,
    0.5,
    0.5,
    0.5,
    0.5,
    0.5,
    0.5,
    0.5,
    0.5,
    0.5,
    0.5,
    0.5,
    0.5,
    0.5,
    0.5,
    0.5,
    0.5,
    0.5,
    0.5,
    0.5,
    0.5,
    0.5,
    0.5,
    0.5,
    0.5,
    0.5,
    0.5,
    0.5,
    0.5,
    0.5,
    0.5,
    0.5,
    0.5,
    0.5,
    0.5,
    0.5,
    0.5,
    0.5,
    0.5,
    0.5,
    0.5,
    0.5,
    0.5,
    0.5,
    0.5,
    0.5,
    0.5,
    0.5,
    0.5,
    0.5,
    0.5,
    0.5,
    0.5,
    0.5,
    0.5,
    0.5,
    0.5,
    0.5,
    0.5,
    0.5,
    0.5,
    0.5,
    0.5,
    0.5,
    0.5,
    0.5,
    0.5,
    0.5,
    0.5,
    0.5,
    0.5,
    0.5,
    0.5,
    0.5,
    0.5,
    0.5,
    0.5,
    0.5,
    0.5,
    0.5,
    0.5,
    0.5,
    0.5,
    0.5,
    0.5,
    0.5,
    0.5,
    0.5,
    0.5,
    0.5,
    0.5,
    0.5,
    0.5,
    0.5,
    0.5,
    0.5,
    0.5,
    0.5,
    0.5,
    0.5,
    0.5,
    0.5,
    0.5,
    0.5,
    0.5,
    0.5,
    0.5,
    0.5,
    0.5,
    0.5,
    0.5,
    0.5,
    0.5,
    0.5,
    0.5,
    0.5,
    0.5,
    0.5,
    0.5,
    0.5,
    0.5,
    0.5,
    0.5,
    0.5,
    0.5,
    0.5,
    0.5,
    0.5,
    0.5,
    0.5,
    0.5,
    0.5,
    0.5,
    0.5,
    0.5,
    0.5,
    0.5,
    0.5,
    0.5,
    0.5,
    0.5,
    0.5,
    0.5,
    0.5,
    0.5,
    0.5,
    0.5,
    0.5,
    0.5,
    0.5,
    0.5,
    0.5,
    0.5,
    0.5,
    0.5,
    0.5,
    0.5,
    0.5,
    0.5,
    0.5,
    0.5,
    0.5,
    0.5,
    0.5,
    0.5,
    0.5,
    0.5,
    0.5,
    0.5,
    0.5,
    0.5,
    0.5,
    0.5,
    0.5,
    0.5,
    0.5,
    0.5,
    0.5,
    0.5,
    0.5,
    0.5,
    0.5,
    0.5,
    0.5,
    0.5,
    0.5,
    0.5,
    0.5,
    0.5,
    0.5,
    0.5,
    0.5,
    0.5,
    0.5,
    0.5,
    0.5,
    0.5,
    0.5,
    0.5,
    0.5,
    0.5,
    0.5,
    0.5,
    0.5,
    0.5,
    0.5,
    0.5,
    0.5,
    0.5,
    0.5,
    0.5,
    0.5,
    0.5,
    0.5,
    0.5,
    0.5,
    0.5,
    0.5,
    0.5,
    0.5,
    0.5,
    0.5,
    0.5,
    0.5,
    0.5,
    0.5,
    0.5
  ],
  "bounds": {
    "maxX": 12.6,
    "maxY": 2.3333333333333335,
    "maxZ": 14,
    "maxDimension": 14
  },
  "textures": [
    {
      "name": "constrictor_redux.png\t1.0 1.0\t0.251369 0.423332\t0.540432 0.423332\t0.393136 0.287552",
      "path": "constrictor_redux.png\t1.0 1.0\t0.251369 0.423332\t0.540432 0.423332\t0.393136 0.287552"
    },
    {
      "name": "constrictor_redux.png\t1.0 1.0\t0.251369 0.423332\t0.251369 0.573917\t0.540432 0.573917",
      "path": "constrictor_redux.png\t1.0 1.0\t0.251369 0.423332\t0.251369 0.573917\t0.540432 0.573917"
    },
    {
      "name": "constrictor_redux.png\t1.0 1.0\t0.251369 0.423332\t0.540432 0.573917\t0.540432 0.423332",
      "path": "constrictor_redux.png\t1.0 1.0\t0.251369 0.423332\t0.540432 0.573917\t0.540432 0.423332"
    },
    {
      "name": "constrictor_redux.png\t1.0 1.0\t0.393136 0.709482\t0.540432 0.573917\t0.251369 0.573917",