{
  "vertices": [
    6.882352828979492,
    1.8352941274642944,
    -2.9058823585510254,
    0,
    -3.058823585510254,
    13,
    -6.882352828979492,
    1.8352941274642944,
    -2.9058823585510254,
    0,
    3.058823585510254,
    -6.882352828979492,
    6.882352828979492,
    -3.058823585510254,
    -2.9058823585510254,
    1.8352941274642944,
    -3.058823585510254,
    -13,
    1.8352941274642944,
    0,
    -13,
    -1.8352941274642944,
    -3.058823585510254,
    -13,
    -1.8352941274642944,
    0,
    -13,
    -6.882352828979492,
    -3.058823585510254,
    -2.9058823585510254
  ],
  "indices": [
    0,
    0,
    3,
    0,
    3,
    1,
    0,
    0,
    3,
    0,
    3,
    2,
    0,
    0,
    3,
    0,
    3,
    3,
    0,
    0,
    3,
    0,
    3,
    3,
    0,
    3,
    3,
    0,
    3,
    2,
    0,
    3,
    4,
    0,
    4,
    0,
    0,
    3,
    4,
    0,
    4,
    6,
    0,
    3,
    6,
    0,
    6,
    0,
    0,
    3,
    6,
    0,
    6,
    3,
    0,
    3,
    6,
    0,
    6,
    8,
    0,
    3,
    6,
    0,
    6,
    7,
    0,
    3,
    8,
    0,
    8,
    2,
    0,
    3,
    8,
    0,
    8,
    9,
    0,
    3,
    9,
    0,
    9,
    1,
    0,
    3,
    9,
    0,
    9,
    4,
    0,
    3,
    9,
    0,
    9,
    5
  ],
  "normals": [
    127,
    127,
    0.9177700281143188,
    127,
    127,
    0.9177700281143188,
    127,
    127,
    0.9177700281143188,
    127,
    127,
    0.9177700281143188,
    127,
    127,
    0.9177700281143188,
    127,
    127,
    0.9177700281143188,
    127,
    127,
    -0.9177700281143188,
    127,
    127,
    -0.9177700281143188,
    127,
    127,
    -0.9177700281143188,
    127,
    127,
    -0.9177700281143188,
    127,
    127,
    -0.9177700281143188,
    127,
    127,
    -0.9177700281143188,
    127,
    127,
    0,
    127,
    127,
    0,
    127,
    127,
    0,
    127,
    127,
    0,
    127,
    127,
    0,
    127,
    127,
    0,
    127,
    127,
    0,
    127,
    127,
    0,
    127,
    127,
    0,
    127,
    127,
    0,
    127,
    127,
    0,
    127,
    127,
    0,
    127,
    127,
    -0.3484100103378296,
    127,
    127,
    -0.3484100103378296,
    127,
    127,
    -0.3484100103378296,
    127,
    127,
    -0.3484100103378296,
    127,
    127,
    -0.3484100103378296,
    127,
    127,
    -0.3484100103378296,
    127,
    127,
    0.8944299817085266,
    127,
    127,
    0.8944299817085266,
    127,
    127,
    0.8944299817085266,
    127,
    127,
    0.8944299817085266,
    127,
    127,
    0.8944299817085266,
    127,
    127,
    0.8944299817085266,
    127,
    127,
    0.8944299817085266,
    127,
    127,
    0.8944299817085266,
    127,
    127,
    0.8944299817085266,
    127,
    127,
    0.8944299817085266,
    127,
    127,
    0.8944299817085266,
    127,
    127,
    0.8944299817085266,
    127,
    127,
    0.3484100103378296,
    127,
    127,
    0.3484100103378296,
    127,
    127,
    0.3484100103378296,
    127,
    127,
    0.3484100103378296,
    127,
    127,
    0.3484100103378296,
    127,
    127,
    0.3484100103378296,
    127,
    127,
    0,
    127,
    127,
    0,
    127,
    127,
    0,
    127,
    127,
    0,
    127,
    127,
    0,
    127,
    127,
    0,
    127,
    127,
    0,
    127,
    127,
    0,
    127,
    127,
    0,
    127,
    127,
    0,
    127,
    127,
    0,
    127,
    127,
    0,
    127,
    127,
    0,
    127,
    127,
    0,
    127,
    127,
    0,
    127,
    127,
    0,
    127,
    127,
    0,
    127,
    127,
    0,
    127,
    127,
    -0.8944299817085266,
    127,
    127,
    -0.8944299817085266,
    127,
    127,
    -0.8944299817085266,
    127,
    127,
    -0.8944299817085266,
    127,
    127,
    -0.8944299817085266,
    127,
    127,
    -0.8944299817085266,
    127,
    127,
    -0.8944299817085266,
    127,
    127,
    -0.8944299817085266,
    127,
    127,
    -0.8944299817085266,
    127,
    127,
    -0.8944299817085266,
    127,
    127,
    -0.8944299817085266,
    127,
    127,
    -0.8944299817085266,
    127,
    127,
    0,
    127,
    127,
    0,
    127,
    127,
    0,
    127,
    127,
    0,
    127,
    127,
    0,
    127,
    127,
    0,
    127,
    127,
    0,
    127,
    127,
    0,
    127,
    127,
    0,
    127,
    127,
    0,
    127,
    127,
    0,
    127,
    127,
    0,
    127,
    127,
    0,
    127,
    127,
    0,
    127,
    127,
    0,
    127,
    127,
    0,
    127,
    127,
    0,
    127,
    127,
    0
  ],
  "colors": [
    0.5,
    0.5,
    0.5,
    0.5,
    0.5,
    0.5,
    0.5,
    0.5,
    0.5,
    0.5,
    0.5,
    0.5,
    0.5,
    0.5,
    0.5,
    0.5,
    0.5,
    0.5,
    0.5,
    0.5,
    0.5,
    0.5,
    0.5,
    0.5,
    0.5,
    0.5,
    0.5,
    0.5,
    0.5,
    0.5,
    0.5,
    0.5,
    0.5,
    0.5,
    0.5,
    0.5,
    0.5,
    0.5,
    0.5,
    0.5,
    0.5,
    0.5,
    0.5,
    0.5,
    0.5,
    0.5,
    0.5,
    0.5,
    0.5,
    0.5,
    0.5,
    0.5,
    0.5,
    0.5,
    0.5,
    0.5,
    0.5,
    0.5,
    0.5,
    0.5,
    0.5,
    0.5,
    0.5,
    0.5,
    0.5,
    0.5,
    0.5,
    0.5,
    0.5,
    0.5,
    0.5,
    0.5,
    0.5,
    0.5,
    0.5,
    0.5,
    0.5,
    0.5,
    0.5,
    0.5,
    0.5,
    0.5,
    0.5,
    0.5,
    0.5,
    0.5,
    0.5,
    0.5,
    0.5,
    0.5,
    0.5,
    0.5,
    0.5,
    0.5,
    0.5,
    0.5,
    0.5,
    0.5,
    0.5,
    0.5,
    0.5,
    0.5,
    0.5,
    0.5,
    0.5,
    0.5,
    0.5,
    0.5,
    0.5,
    0.5,
    0.5,
    0.5,
    0.5,
    0.5,
    0.5,
    0.5,
    0.5,
    0.5,
    0.5,
    0.5,
    0.5,
    0.5,
    0.5,
    0.5,
    0.5,
    0.5,
    0.5,
    0.5,
    0.5,
    0.5,
    0.5,
    0.5,
    0.5,
    0.5,
    0.5,
    0.5,
    0.5,
    0.5,
    0.5,
    0.5,
    0.5,
    0.5,
    0.5,
    0.5,
    0.5,
    0.5,
    0.5,
    0.5,
    0.5,
    0.5,
    0.5,
    0.5,
    0.5,
    0.5,
    0.5,
    0.5,
    0.5,
    0.5,
    0.5,
    0.5,
    0.5,
    0.5,
    0.5,
    0.5,
    0.5,
    0.5,
    0.5,
    0.5,
    0.5,
    0.5,
    0.5,
    0.5,
    0.5,
    0.5,
    0.5,
    0.5,
    0.5,
    0.5,
    0.5,
    0.5,
    0.5,
    0.5,
    0.5,
    0.5,
    0.5,
    0.5,
    0.5,
    0.5,
    0.5,
    0.5,
    0.5,
    0.5,
    0.5,
    0.5,
    0.5,
    0.5,
    0.5,
    0.5,
    0.5,
    0.5,
    0.5,
    0.5,
    0.5,
    0.5,
    0.5,
    0.5,
    0.5,
    0.5,
    0.5,
    0.5,
    0.5,
    0.5,
    0.5,
    0.5,
    0.5,
    0.5,
    0.5,
    0.5,
    0.5,
    0.5,
    0.5,
    0.5,
    0.5,
    0.5,
    0.5,
    0.5,
    0.5,
    0.5,
    0.5,
    0.5,
    0.5,
    0.5,
    0.5,
    0.5,
    0.5,
    0.5,
    0.5,
    0.5,
    0.5,
    0.5,
    0.5,
    0.5,
    0.5,
    0.5,
    0.5,
    0.5,
    0.5,
    0.5,
    0.5,
    0.5,
    0.5,
    0.5,
    0.5,
    0.5,
    0.5,
    0.5,
    0.5,
    0.5,
    0.5,
    0.5,
    0.5,
    0.5,
    0.5,
    0.5,
    0.5,
    0.5,
    0.5,
    0.5,
    0.5,
    0.5,
    0.5,
    0.5,
    0.5,
    0.5,
    0.5,
    0.5,
    0.5,
    0.5,
    0.5,
    0.5,
    0.5,
    0.5,
    0.5,
    0.5,
    0.5,
    0.5,
    0.5,
    0.5
  ],
  "bounds": {
    "maxX": 6.882352941176471,
    "maxY": 3.058823529411765,
    "maxZ": 13.000000000000002,
    "maxDimension": 13.000000000000002
  },
  "textures": [
    {
      "name": "ferdelance_redux.png\t1.0 1.0\t0.354418 0.972253\t0.773004 0.892404\t0.721206 0.788826",
      "path": "ferdelance_redux.png\t1.0 1.0\t0.354418 0.972253\t0.773004 0.892404\t0.721206 0.788826"
    },
    {
      "name": "ferdelance_redux.png\t1.0 1.0\t0.772966 0.359533\t0.354368 0.279744\t0.721183 0.463118",
      "path": "ferdelance_redux.png\t1.0 1.0\t0.772966 0.359533\t0.354368 0.279744\t0.721183 0.463118"
    },
    {
      "name": "ferdelance_redux.png\t1.0 1.0\t0.187684 0.514426\t0.351943 0.422806\t0.187666 0.025618",