{
  "vertices": [
    -1.9692307710647583,
    1.4769231081008911,
    -4.92307710647583,
    1.9692307710647583,
    1.4769231081008911,
    -4.92307710647583,
    1.2307692766189575,
    -0.1230769231915474,
    4.92307710647583,
    -1.2307692766189575,
    -0.1230769231915474,
    4.92307710647583,
    -8,
    0.3692307770252228,
    -1.8461538553237915,
    -2.461538553237915,
    -1.4769231081008911,
    -4.92307710647583,
    2.461538553237915,
    -1.4769231081008911,
    -4.92307710647583,
    8,
    0.3692307770252228,
    -1.8461538553237915
  ],
  "indices": [
    0,
    0,
    3,
    0,
    3,
    2,
    0,
    0,
    3,
    0,
    3,
    3,
    0,
    0,
    3,
    0,
    3,
    3,
    0,
    0,
    3,
    0,
    3,
    4,
    0,
    3,
    4,
    0,
    4,
    3,
    0,
    3,
    5,
    0,
    5,
    0,
    0,
    3,
    5,
    0,
    5,
    3,
    0,
    3,
    5,
    0,
    5,
    2,
    0,
    3,
    6,
    0,
    6,
    1,
    0,
    3,
    6,
    0,
    6,
    0,
    0,
    3,
    6,
    0,
    6,
    2,
    0,
    3,
    7,
    0,
    7,
    1
  ],
  "normals": [
    127,
    127,
    0.09525000303983688,
    127,
    127,
    0.09525000303983688,
    127,
    127,
    0.09525000303983688,
    127,
    127,
    0.09525000303983688,
    127,
    127,
    0.09525000303983688,
    127,
    127,
    0.09525000303983688,
    127,
    127,
    0,
    127,
    127,
    0,
    127,
    127,
    0,
    127,
    127,
    0,
    127,
    127,
    0,
    127,
    127,
    0,
    127,
    127,
    0,
    127,
    127,
    0,
    127,
    127,
    0,
    127,
    127,
    0,
    127,
    127,
    0,
    127,
    127,
    0,
    127,
    127,
    -0.09525000303983688,
    127,
    127,
    -0.09525000303983688,
    127,
    127,
    -0.09525000303983688,
    127,
    127,
    -0.09525000303983688,
    127,
    127,
    -0.09525000303983688,
    127,
    127,
    -0.09525000303983688,
    127,
    127,
    -0.2305700033903122,
    127,
    127,
    -0.2305700033903122,
    127,
    127,
    -0.2305700033903122,
    127,
    127,
    -0.2305700033903122,
    127,
    127,
    -0.2305700033903122,
    127,
    127,
    -0.2305700033903122,
    127,
    127,
    -0.46434998512268066,
    127,
    127,
    -0.46434998512268066,
    127,
    127,
    -0.46434998512268066,
    127,
    127,
    -0.46434998512268066,
    127,
    127,
    -0.46434998512268066,
    127,
    127,
    -0.46434998512268066,
    127,
    127,
    0,
    127,
    127,
    0,
    127,
    127,
    0,
    127,
    127,
    0,
    127,
    127,
    0,
    127,
    127,
    0,
    127,
    127,
    0,
    127,
    127,
    0,
    127,
    127,
    0,
    127,
    127,
    0,
    127,
    127,
    0,
    127,
    127,
    0,
    127,
    127,
    0,
    127,
    127,
    0,
    127,
    127,
    0,
    127,
    127,
    0,
    127,
    127,
    0,
    127,
    127,
    0,
    127,
    127,
    0,
    127,
    127,
    0,
    127,
    127,
    0,
    127,
    127,
    0,
    127,
    127,
    0,
    127,
    127,
    0,
    127,
    127,
    0.2305700033903122,
    127,
    127,
    0.2305700033903122,
    127,
    127,
    0.2305700033903122,
    127,
    127,
    0.2305700033903122,
    127,
    127,
    0.2305700033903122,
    127,
    127,
    0.2305700033903122,
    127,
    127,
    0.46434998512268066,
    127,
    127,
    0.46434998512268066,
    127,
    127,
    0.46434998512268066,
    127,
    127,
    0.46434998512268066,
    127,
    127,
    0.46434998512268066,
    127,
    127,
    0.46434998512268066
  ],
  "colors": [
    0.5,
    0.5,
    0.5,
    0.5,
    0.5,
    0.5,
    0.5,
    0.5,
    0.5,
    0.5,
    0.5,
    0.5,
    0.5,
    0.5,
    0.5,
    0.5,
    0.5,
    0.5,
    0.5,
    0.5,
    0.5,
    0.5,
    0.5,
    0.5,
    0.5,
    0.5,
    0.5,
    0.5,
    0.5,
    0.5,
    0.5,
    0.5,
    0.5,
    0.5,
    0.5,
    0.5,
    0.5,
    0.5,
    0.5,
    0.5,
    0.5,
    0.5,
    0.5,
    0.5,
    0.5,
    0.5,
    0.5,
    0.5,
    0.5,
    0.5,
    0.5,
    0.5,
    0.5,
    0.5,
    0.5,
    0.5,
    0.5,
    0.5,
    0.5,
    0.5,
    0.5,
    0.5,
    0.5,
    0.5,
    0.5,
    0.5,
    0.5,
    0.5,
    0.5,
    0.5,
    0.5,
    0.5,
    0.5,
    0.5,
    0.5,
    0.5,
    0.5,
    0.5,
    0.5,
    0.5,
    0.5,
    0.5,
    0.5,
    0.5,
    0.5,
    0.5,
    0.5,
    0.5,
    0.5,
    0.5,
    0.5,
    0.5,
    0.5,
    0.5,
    0.5,
    0.5,
    0.5,
    0.5,
    0.5,
    0.5,
    0.5,
    0.5,
    0.5,
    0.5,
    0.5,
    0.5,
    0.5,
    0.5,
    0.5,
    0.5,
    0.5,
    0.5,
    0.5,
    0.5,
    0.5,
    0.5,
    0.5,
    0.5,
    0.5,
    0.5,
    0.5,
    0.5,
    0.5,
    0.5,
    0.5,
    0.5,
    0.5,
    0.5,
    0.5,
    0.5,
    0.5,
    0.5,
    0.5,
    0.5,
    0.5,
    0.5,
    0.5,
    0.5,
    0.5,
    0.5,
    0.5,
    0.5,
    0.5,
    0.5,
    0.5,
    0.5,
    0.5,
    0.5,
    0.5,
    0.5,
    0.5,
    0.5,
    0.5,
    0.5,
    0.5,
    0.5,
    0.5,
    0.5,
    0.5,
    0.5,
    0.5,
    0.5,
    0.5,
    0.5,
    0.5,
    0.5,
    0.5,
    0.5,
    0.5,
    0.5,
    0.5,
    0.5,
    0.5,
    0.5,
    0.5,
    0.5,
    0.5,
    0.5,
    0.5,
    0.5,
    0.5,
    0.5,
    0.5,
    0.5,
    0.5,
    0.5,
    0.5,
    0.5,
    0.5,
    0.5,
    0.5,
    0.5,
    0.5,
    0.5,
    0.5,
    0.5,
    0.5,
    0.5,
    0.5,
    0.5,
    0.5,
    0.5,
    0.5,
    0.5,
    0.5,
    0.5,
    0.5,
    0.5,
    0.5,
    0.5,
    0.5,
    0.5,
    0.5,
    0.5,
    0.5,
    0.5
  ],
  "bounds": {
    "maxX": 8,
    "maxY": 1.476923076923077,
    "maxZ": 4.923076923076923,
    "maxDimension": 8
  },
  "textures": [
    {
      "name": "gecko_redux.png\t1.0 1.0\t0.552444 0.003226\t0.584494 0.437921\t0.848581 0.297821",
      "path": "gecko_redux.png\t1.0 1.0\t0.552444 0.003226\t0.584494 0.437921\t0.848581 0.297821"
    },
    {
      "name": "gecko_redux.png\t1.0 1.0\t0.445179 0.003194\t0.412870 0.437870\t0.584494 0.437921",
      "path": "gecko_redux.png\t1.0 1.0\t0.445179 0.003194\t0.412870 0.437870\t0.584494 0.437921"
    },
    {
      "name": "gecko_redux.png\t1.0 1.0\t0.445179 0.003194\t0.584494 0.437921\t0.552444 0.003226",
      "path": "gecko_redux.png\t1.0 1.0\t0.445179 0.003194\t0.584494 0.437921\t0.552444 0.003226"
    },
    {
      "name": "gecko_redux.png\t1.0 1.0\t0.148867 0.297612\t0.412870 0.437870\t0.445179 0.003194",
      "path": "gecko_redux.png\t1.0 1.0\t0.148867 0.297612\t0.412870 0.437870\t0.445179 0.003194"
    },
    {
      "name": "gecko_redux.png\t1.0 1.0\t0.142810 0.711186\t0.444883 0.999692\t0.391379 0.566581",
      "path": "gecko_redux.png\t1.0 1.0\t0.142810 0.711186\t0.444883 0.999692\t0.391379 0.566581"
    },
    {
      "name": "gecko_redux.png\t1.0 1.0\t0.391379 0.566581\t0.412870 0.437870\t0.116982 0.480538",
      "path": "gecko_redux.png\t1.0 1.0\t0.391379 0.566581\t0.412870 0.437870\t0.116982 0.480538"
    },
    {
      "name": "gecko_redux.png\t1.0 1.0\t0.391379 0.566581\t0.444883 0.999692\t0.552147 0.999724",
      "path": "gecko_redux.png\t1.0 1.0\t0.391379 0.566581\t0.444883 0.999692\t0.552147 0.999724"
    },
    {
      "name": "gecko_redux.png\t1.0 1.0\t0.391379 0.566581\t0.552147 0.999724\t0.605908 0.566645",
      "path": "gecko_redux.png\t1.0 1.0\t0.391379 0.566581\t0.552147 0.999724\t0.605908 0.566645"
    },
    {
      "name": "gecko_redux.png\t1.0 1.0\t0.605908 0.566645\t0.584494 0.437921\t0.412870 0.437870",
      "path": "gecko_redux.png\t1.0 1.0\t0.605908 0.566645\t0.584494 0.437921\t0.412870 0.437870"
    },
    {
      "name": "gecko_redux.png\t1.0 1.0\t0.605908 0.566645\t0.412870 0.437870\t0.391379 0.566581",
      "path": "gecko_redux.png\t1.0 1.0\t0.605908 0.566645\t0.412870 0.437870\t0.391379 0.566581"
    },
    {
      "name": "gecko_redux.png\t1.0 1.0\t0.605908 0.566645\t0.552147 0.999724\t0.854391 0.711398",