{
  "vertices": [
    -10.755555152893066,
    0,
    9.777777671813965,
    -10.633333206176758,
    -0.12222222238779068,
    -3.422222137451172,
    -10.633333206176758,
    0.12222222238779068,
    -3.422222137451172,
    -11,
    0,
    -3.299999952316284,
    10.755555152893066,
    0,
    9.777777671813965,
    10.633333206176758,
    -0.12222222238779068,
    -3.422222137451172,
    10.633333206176758,
    0.12222222238779068,
    -3.422222137451172,
    11,
    0,
    -3.299999952316284,
    0,
    0,
    9.777777671813965,
    -11,
    0,
    -3.299999952316284,
    0,
    2.444444417953491,
    -9.777777671813965,
    0,
    -2.444444417953491,
    -9.777777671813965,
    11,
    0,
    -3.299999952316284
  ],
  "indices": [
    0,
    0,
    3,
    0,
    3,
    1,
    0,
    0,
    3,
    0,
    3,
    2,
    0,
    3,
    2,
    0,
    2,
    3,
    0,
    3,
    3,
    0,
    3,
    0,
    0,
    3,
    5,
    0,
    5,
    4,
    0,
    3,
    5,
    0,
    5,
    7,
    0,
    0,
    3,
    0,
    3,
    6,
    0,
    0,
    3,
    0,
    3,
    7,
    0,
    3,
    9,
    0,
    9,
    8,
    0,
    0,
    3,
    0,
    3,
    10,
    0,
    3,
    10,
    0,
    10,
    9,
    0,
    3,
    11,
    0,
    11,
    8,
    0,
    3,
    11,
    0,
    11,
    12,
    0,
    0,
    3,
    0,
    3,
    12
  ],
  "normals": [
    127,
    127,
    0.9999600052833557,
    127,
    127,
    0.9999600052833557,
    127,
    127,
    0.9999600052833557,
    127,
    127,
    0.9999600052833557,
    127,
    127,
    0.9999600052833557,
    127,
    127,
    0.9999600052833557,
    127,
    127,
    -0.31446000933647156,
    127,
    127,
    -0.31446000933647156,
    127,
    127,
    -0.31446000933647156,
    127,
    127,
    -0.31446000933647156,
    127,
    127,
    -0.31446000933647156,
    127,
    127,
    -0.31446000933647156,
    127,
    127,
    -0.31622999906539917,
    127,
    127,
    -0.31622999906539917,
    127,
    127,
    -0.31622999906539917,
    127,
    127,
    -0.31622999906539917,
    127,
    127,
    -0.31622999906539917,
    127,
    127,
    -0.31622999906539917,
    127,
    127,
    -0.31446000933647156,
    127,
    127,
    -0.31446000933647156,
    127,
    127,
    -0.31446000933647156,
    127,
    127,
    -0.31446000933647156,
    127,
    127,
    -0.31446000933647156,
    127,
    127,
    -0.31446000933647156,
    127,
    127,
    0.31446000933647156,
    127,
    127,
    0.31446000933647156,
    127,
    127,
    0.31446000933647156,
    127,
    127,
    0.31446000933647156,
    127,
    127,
    0.31446000933647156,
    127,
    127,
    0.31446000933647156,
    127,
    127,
    0.31622999906539917,
    127,
    127,
    0.31622999906539917,
    127,
    127,
    0.31622999906539917,
    127,
    127,
    0.31622999906539917,
    127,
    127,
    0.31622999906539917,
    127,
    127,
    0.31622999906539917,
    127,
    127,
    -0.9999600052833557,
    127,
    127,
    -0.9999600052833557,
    127,
    127,
    -0.9999600052833557,
    127,
    127,
    -0.9999600052833557,
    127,
    127,
    -0.9999600052833557,
    127,
    127,
    -0.9999600052833557,
    127,
    127,
    0.31446000933647156,
    127,
    127,
    0.31446000933647156,
    127,
    127,
    0.31446000933647156,
    127,
    127,
    0.31446000933647156,
    127,
    127,
    0.31446000933647156,
    127,
    127,
    0.31446000933647156,
    127,
    127,
    -0.1458899974822998,
    127,
    127,
    -0.1458899974822998,
    127,
    127,
    -0.1458899974822998,
    127,
    127,
    -0.1458899974822998,
    127,
    127,
    -0.1458899974822998,
    127,
    127,
    -0.1458899974822998,
    127,
    127,
    -0.1458899974822998,
    127,
    127,
    -0.1458899974822998,
    127,
    127,
    -0.1458899974822998,
    127,
    127,
    -0.1458899974822998,
    127,
    127,
    -0.1458899974822998,
    127,
    127,
    -0.1458899974822998,
    127,
    127,
    -0.5074399709701538,
    127,
    127,
    -0.5074399709701538,
    127,
    127,
    -0.5074399709701538,
    127,
    127,
    -0.5074399709701538,
    127,
    127,
    -0.5074399709701538,
    127,
    127,
    -0.5074399709701538,
    127,
    127,
    0.1458899974822998,
    127,
    127,
    0.1458899974822998,
    127,
    127,
    0.1458899974822998,
    127,
    127,
    0.1458899974822998,
    127,
    127,
    0.1458899974822998,
    127,
    127,
    0.1458899974822998,
    127,
    127,
    0.5074399709701538,
    127,
    127,
    0.5074399709701538,
    127,
    127,
    0.5074399709701538,
    127,
    127,
    0.5074399709701538,
    127,
    127,
    0.5074399709701538,
    127,
    127,
    0.5074399709701538,
    127,
    127,
    0.1458899974822998,
    127,
    127,
    0.1458899974822998,
    127,
    127,
    0.1458899974822998,
    127,
    127,
    0.1458899974822998,
    127,
    127,
    0.1458899974822998,
    127,
    127,
    0.1458899974822998
  ],
  "colors": [
    0.5,
    0.5,
    0.5,
    0.5,
    0.5,
    0.5,
    0.5,
    0.5,
    0.5,
    0.5,
    0.5,
    0.5,
    0.5,
    0.5,
    0.5,
    0.5,
    0.5,
    0.5,
    0.5,
    0.5,
    0.5,
    0.5,
    0.5,
    0.5,
    0.5,
    0.5,
    0.5,
    0.5,
    0.5,
    0.5,
    0.5,
    0.5,
    0.5,
    0.5,
    0.5,
    0.5,
    0.5,
    0.5,
    0.5,
    0.5,
    0.5,
    0.5,
    0.5,
    0.5,
    0.5,
    0.5,
    0.5,
    0.5,
    0.5,
    0.5,
    0.5,
    0.5,
    0.5,
    0.5,
    0.5,
    0.5,
    0.5,
    0.5,
    0.5,
    0.5,
    0.5,
    0.5,
    0.5,
    0.5,
    0.5,
    0.5,
    0.5,
    0.5,
    0.5,
    0.5,
    0.5,
    0.5,
    0.5,
    0.5,
    0.5,
    0.5,
    0.5,
    0.5,
    0.5,
    0.5,
    0.5,
    0.5,
    0.5,
    0.5,
    0.5,
    0.5,
    0.5,
    0.5,
    0.5,
    0.5,
    0.5,
    0.5,
    0.5,
    0.5,
    0.5,
    0.5,
    0.5,
    0.5,
    0.5,
    0.5,
    0.5,
    0.5,
    0.5,
    0.5,
    0.5,
    0.5,
    0.5,
    0.5,
    0.5,
    0.5,
    0.5,
    0.5,
    0.5,
    0.5,
    0.5,
    0.5,
    0.5,
    0.5,
    0.5,
    0.5,
    0.5,
    0.5,
    0.5,
    0.5,
    0.5,
    0.5,
    0.5,
    0.5,
    0.5,
    0.5,
    0.5,
    0.5,
    0.5,
    0.5,
    0.5,
    0.5,
    0.5,
    0.5,
    0.5,
    0.5,
    0.5,
    0.5,
    0.5,
    0.5,
    0.5,
    0.5,
    0.5,
    0.5,
    0.5,
    0.5,
    0.5,
    0.5,
    0.5,
    0.5,
    0.5,
    0.5,
    0.5,
    0.5,
    0.5,
    0.5,
    0.5,
    0.5,
    0.5,
    0.5,
    0.5,
    0.5,
    0.5,
    0.5,
    0.5,
    0.5,
    0.5,
    0.5,
    0.5,
    0.5,
    0.5,
    0.5,
    0.5,
    0.5,
    0.5,
    0.5,
    0.5,
    0.5,
    0.5,
    0.5,
    0.5,
    0.5,
    0.5,
    0.5,
    0.5,
    0.5,
    0.5,
    0.5,
    0.5,
    0.5,
    0.5,
    0.5,
    0.5,
    0.5,
    0.5,
    0.5,
    0.5,
    0.5,
    0.5,
    0.5,
    0.5,
    0.5,
    0.5,
    0.5,
    0.5,
    0.5,
    0.5,
    0.5,
    0.5,
    0.5,
    0.5,
    0.5,
    0.5,
    0.5,
    0.5,
    0.5,
    0.5,
    0.5,
    0.5,
    0.5,
    0.5,
    0.5,
    0.5,
    0.5,
    0.5,
    0.5,
    0.5,
    0.5,
    0.5,
    0.5,
    0.5,
    0.5,
    0.5,
    0.5,
    0.5,
    0.5,
    0.5,
    0.5,
    0.5,
    0.5,
    0.5,
    0.5,
    0.5,
    0.5,
    0.5,
    0.5,
    0.5,
    0.5
  ],
  "bounds": {
    "maxX": 11,
    "maxY": 2.444444444444444,
    "maxZ": 9.777777777777777,
    "maxDimension": 11
  },
  "textures": [
    {
      "name": "krait_redux.png\t1.0 1.0\t0.037152 0.365629\t0.030830 0.024240\t0.030830 0.365688",
      "path": "krait_redux.png\t1.0 1.0\t0.037152 0.365629\t0.030830 0.024240\t0.030830 0.365688"
    },
    {
      "name": "krait_redux.png\t1.0 1.0\t0.057232 0.364666\t0.030830 0.024240\t0.047049 0.362167",
      "path": "krait_redux.png\t1.0 1.0\t0.057232 0.364666\t0.030830 0.024240\t0.047049 0.362167"
    },
    {
      "name": "krait_redux.png\t1.0 1.0\t0.030830 0.365688\t0.034083 0.375655\t0.037152 0.365629",