{
  "vertices": [
    11,
    -2.0307693481445312,
    -9.307692527770996,
    -11,
    -2.0307693481445312,
    -9.307692527770996,
    0,
    0,
    9.307692527770996,
    5.415384769439697,
    2.0307693481445312,
    -9.307692527770996,
    -5.415384769439697,
    2.0307693481445312,
    -9.307692527770996
  ],
  "indices": [
    0,
    3,
    2,
    0,
    2,
    0,
    0,
    0,
    3,
    0,
    3,
    2,
    0,
    0,
    3,
    0,
    3,
    3,
    0,
    0,
    3,
    0,
    3,
    3,
    0,
    3,
    4,
    0,
    4,
    1,
    0,
    3,
    4,
    0,
    4,
    0
  ],
  "normals": [
    127,
    127,
    0,
    127,
    127,
    0,
    127,
    127,
    0,
    127,
    127,
    0,
    127,
    127,
    0,
    127,
    127,
    0,
    127,
    127,
    -0.5693399906158447,
    127,
    127,
    -0.5693399906158447,
    127,
    127,
    -0.5693399906158447,
    127,
    127,
    -0.5693399906158447,
    127,
    127,
    -0.5693399906158447,
    127,
    127,
    -0.5693399906158447,
    127,
    127,
    0.5693399906158447,
    127,
    127,
    0.5693399906158447,
    127,
    127,
    0.5693399906158447,
    127,
    127,
    0.5693399906158447,
    127,
    127,
    0.5693399906158447,
    127,
    127,
    0.5693399906158447,
    127,
    127,
    0,
    127,
    127,
    0,
    127,
    127,
    0,
    127,
    127,
    0,
    127,
    127,
    0,
    127,
    127,
    0,
    127,
    127,
    0,
    127,
    127,
    0,
    127,
    127,
    0,
    127,
    127,
    0,
    127,
    127,
    0,
    127,
    127,
    0,
    127,
    127,
    0,
    127,
    127,
    0,
    127,
    127,
    0,
    127,
    127,
    0,
    127,
    127,
    0,
    127,
    127,
    0
  ],
  "colors": [
    0.5,
    0.5,
    0.5,
    0.5,
    0.5,
    0.5,
    0.5,
    0.5,
    0.5,
    0.5,
    0.5,
    0.5,
    0.5,
    0.5,
    0.5,
    0.5,
    0.5,
    0.5,
    0.5,
    0.5,
    0.5,
    0.5,
    0.5,
    0.5,
    0.5,
    0.5,
    0.5,
    0.5,
    0.5,
    0.5,
    0.5,
    0.5,
    0.5,
    0.5,
    0.5,
    0.5,
    0.5,
    0.5,
    0.5,
    0.5,
    0.5,
    0.5,
    0.5,
    0.5,
    0.5,
    0.5,
    0.5,
    0.5,
    0.5,
    0.5,
    0.5,
    0.5,
    0.5,
    0.5,
    0.5,
    0.5,
    0.5,
    0.5,
    0.5,
    0.5,
    0.5,
    0.5,
    0.5,
    0.5,
    0.5,
    0.5,
    0.5,
    0.5,
    0.5,
    0.5,
    0.5,
    0.5,
    0.5,
    0.5,
    0.5,
    0.5,
    0.5,
    0.5,
    0.5,
    0.5,
    0.5,
    0.5,
    0.5,
    0.5,
    0.5,
    0.5,
    0.5,
    0.5,
    0.5,
    0.5,
    0.5,
    0.5,
    0.5,
    0.5,
    0.5,
    0.5,
    0.5,
    0.5,
    0.5,
    0.5,
    0.5,
    0.5,
    0.5,
    0.5,
    0.5,
    0.5,
    0.5,
    0.5
  ],
  "bounds": {
    "maxX": 11,
    "maxY": 2.0307692307692307,
    "maxZ": 9.307692307692308,
    "maxDimension": 11
  },
  "textures": [
    {
      "name": "mamba_redux.png\t1.0 1.0\t0.997986 0.688310\t0.548092 0.423927\t0.547995 0.952529",
      "path": "mamba_redux.png\t1.0 1.0\t0.997986 0.688310\t0.548092 0.423927\t0.547995 0.952529"
    },
    {
      "name": "mamba_redux.png\t1.0 1.0\t0.000589 0.688128\t0.430968 0.983064\t0.450430 0.818321",
      "path": "mamba_redux.png\t1.0 1.0\t0.000589 0.688128\t0.430968 0.983064\t0.450430 0.818321"
    },
    {
      "name": "mamba_redux.png\t1.0 1.0\t0.450478 0.558099\t0.431075 0.393349\t0.000589 0.688128",
      "path": "mamba_redux.png\t1.0 1.0\t0.450478 0.558099\t0.431075 0.393349\t0.000589 0.688128"
    },
    {
      "name": "mamba_redux.png\t1.0 1.0\t0.450478 0.558099\t0.000589 0.688128\t0.450430 0.818321",
      "path": "mamba_redux.png\t1.0 1.0\t0.450478 0.558099\t0.000589 0.688128\t0.450430 0.818321"
    },
    {
      "name": "mamba_redux.png\t1.0 1.0\t0.450430 0.818321\t0.547995 0.952529\t0.548092 0.423927",
      "path": "mamba_redux.png\t1.0 1.0\t0.450430 0.818321\t0.547995 0.952529\t0.548092 0.423927"
    },
    {
      "name": "mamba_redux.png\t1.0 1.0\t0.450430 0.818321\t0.548092 0.423927\t0.450478 0.558099",
      "path": "mamba_redux.png\t1.0 1.0\t0.450430 0.818321\t0.548092 0.423927\t0.450478 0.558099"
    }
  ],
  "metadata": {
    "originalVertexCount": 5,
    "originalFaceCount": 6,
    "triangleCount": 12,
    "hasTextures": true
  },
  "shipInfo": {
    "name": "Mamba",
    "type": "fighter",
    "originalFile": "mamba_redux.dat",
    "gameSize": 11
  }
}