{
  "vertices": [
    -2.076923131942749,
    -0.5538461804389954,
    -9,
    0,
    -3.461538553237915,
    9,
    2.076923131942749,
    -0.5538461804389954,
    -9,
    8.307692527770996,
    -0.5538461804389954,
    1.7307692766189575,
    -8.307692527770996,
    -0.5538461804389954,
    1.7307692766189575,
    4.153846263885498,
    3.461538553237915,
    4.846153736114502,
    -4.153846263885498,
    3.461538553237915,
    4.846153736114502
  ],
  "indices": [
    3,
    1,
    0,
    3,
    0,
    4,
    3,
    2,
    0,
    3,
    0,
    1,
    3,
    2,
    1,
    3,
    1,
    3,
    0,
    0,
    3,
    0,
    3,
    3,
    0,
    3,
    3,
    0,
    3,
    5,
    0,
    3,
    4,
    0,
    4,
    0,
    0,
    0,
    3,
    0,
    3,
    5,
    0,
    3,
    6,
    0,
    6,
    0,
    0,
    3,
    6,
    0,
    6,
    2,
    0,
    0,
    3,
    0,
    3,
    6
  ],
  "normals": [
    127,
    127,
    -0.22415000200271606,
    127,
    127,
    -0.22415000200271606,
    127,
    127,
    -0.22415000200271606,
    127,
    127,
    -0.22415000200271606,
    127,
    127,
    -0.22415000200271606,
    127,
    127,
    -0.22415000200271606,
    127,
    127,
    0,
    127,
    127,
    0,
    127,
    127,
    0,
    127,
    127,
    0,
    127,
    127,
    0,
    127,
    127,
    0,
    127,
    127,
    0.22415000200271606,
    127,
    127,
    0.22415000200271606,
    127,
    127,
    0.22415000200271606,
    127,
    127,
    0.22415000200271606,
    127,
    127,
    0.22415000200271606,
    127,
    127,
    0.22415000200271606,
    127,
    127,
    0.6422899961471558,
    127,
    127,
    0.6422899961471558,
    127,
    127,
    0.6422899961471558,
    127,
    127,
    0.6422899961471558,
    127,
    127,
    0.6422899961471558,
    127,
    127,
    0.6422899961471558,
    127,
    127,
    0.5313199758529663,
    127,
    127,
    0.5313199758529663,
    127,
    127,
    0.5313199758529663,
    127,
    127,
    0.5313199758529663,
    127,
    127,
    0.5313199758529663,
    127,
    127,
    0.5313199758529663,
    127,
    127,
    -0.5313199758529663,
    127,
    127,
    -0.5313199758529663,
    127,
    127,
    -0.5313199758529663,
    127,
    127,
    -0.5313199758529663,
    127,
    127,
    -0.5313199758529663,
    127,
    127,
    -0.5313199758529663,
    127,
    127,
    0,
    127,
    127,
    0,
    127,
    127,
    0,
    127,
    127,
    0,
    127,
    127,
    0,
    127,
    127,
    0,
    127,
    127,
    0,
    127,
    127,
    0,
    127,
    127,
    0,
    127,
    127,
    0,
    127,
    127,
    0,
    127,
    127,
    0,
    127,
    127,
    0,
    127,
    127,
    0,
    127,
    127,
    0,
    127,
    127,
    0,
    127,
    127,
    0,
    127,
    127,
    0,
    127,
    127,
    -0.6422899961471558,
    127,
    127,
    -0.6422899961471558,
    127,
    127,
    -0.6422899961471558,
    127,
    127,
    -0.6422899961471558,
    127,
    127,
    -0.6422899961471558,
    127,
    127,
    -0.6422899961471558
  ],
  "colors": [
    0.5,
    0.5,
    0.5,
    0.5,
    0.5,
    0.5,
    0.5,
    0.5,
    0.5,
    0.5,
    0.5,
    0.5,
    0.5,
    0.5,
    0.5,
    0.5,
    0.5,
    0.5,
    0.5,
    0.5,
    0.5,
    0.5,
    0.5,
    0.5,
    0.5,
    0.5,
    0.5,
    0.5,
    0.5,
    0.5,
    0.5,
    0.5,
    0.5,
    0.5,
    0.5,
    0.5,
    0.5,
    0.5,
    0.5,
    0.5,
    0.5,
    0.5,
    0.5,
    0.5,
    0.5,
    0.5,
    0.5,
    0.5,
    0.5,
    0.5,
    0.5,
    0.5,
    0.5,
    0.5,
    0.5,
    0.5,
    0.5,
    0.5,
    0.5,
    0.5,
    0.5,
    0.5,
    0.5,
    0.5,
    0.5,
    0.5,
    0.5,
    0.5,
    0.5,
    0.5,
    0.5,
    0.5,
    0.5,
    0.5,
    0.5,
    0.5,
    0.5,
    0.5,
    0.5,
    0.5,
    0.5,
    0.5,
    0.5,
    0.5,
    0.5,
    0.5,
    0.5,
    0.5,
    0.5,
    0.5,
    0.5,
    0.5,
    0.5,
    0.5,
    0.5,
    0.5,
    0.5,
    0.5,
    0.5,
    0.5,
    0.5,
    0.5,
    0.5,
    0.5,
    0.5,
    0.5,
    0.5,
    0.5,
    0.5,
    0.5,
    0.5,
    0.5,
    0.5,
    0.5,
    0.5,
    0.5,
    0.5,
    0.5,
    0.5,
    0.5,
    0.5,
    0.5,
    0.5,
    0.5,
    0.5,
    0.5,
    0.5,
    0.5,
    0.5,
    0.5,
    0.5,
    0.5,
    0.5,
    0.5,
    0.5,
    0.5,
    0.5,
    0.5,
    0.5,
    0.5,
    0.5,
    0.5,
    0.5,
    0.5,
    0.5,
    0.5,
    0.5,
    0.5,
    0.5,
    0.5,
    0.5,
    0.5,
    0.5,
    0.5,
    0.5,
    0.5,
    0.5,
    0.5,
    0.5,
    0.5,
    0.5,
    0.5,
    0.5,
    0.5,
    0.5,
    0.5,
    0.5,
    0.5,
    0.5,
    0.5,
    0.5,
    0.5,
    0.5,
    0.5,
    0.5,
    0.5,
    0.5,
    0.5,
    0.5,
    0.5
  ],
  "bounds": {
    "maxX": 8.307692307692308,
    "maxY": 3.4615384615384617,
    "maxZ": 9,
    "maxDimension": 9
  },
  "textures": [
    {
      "name": "moray_redux.png\t1.0 1.0\t0.992783 0.750171\t0.548812 0.800951\t0.807381 0.957286",
      "path": "moray_redux.png\t1.0 1.0\t0.992783 0.750171\t0.548812 0.800951\t0.807381 0.957286"
    },
    {
      "name": "moray_redux.png\t1.0 1.0\t0.548765 0.699802\t0.548812 0.800951\t0.992783 0.750171",
      "path": "moray_redux.png\t1.0 1.0\t0.548765 0.699802\t0.548812 0.800951\t0.992783 0.750171"
    },
    {
      "name": "moray_redux.png\t1.0 1.0\t0.548765 0.699802\t0.992783 0.750171\t0.807189 0.543227",
      "path": "moray_redux.png\t1.0 1.0\t0.548765 0.699802\t0.992783 0.750171\t0.807189 0.543227"
    },
    {
      "name": "moray_redux.png\t1.0 1.0\t0.130271 0.504471\t0.001135 0.750631\t0.197686 0.649390",
      "path": "moray_redux.png\t1.0 1.0\t0.130271 0.504471\t0.001135 0.750631\t0.197686 0.649390"
    },
    {
      "name": "moray_redux.png\t1.0 1.0\t0.300745 0.527220\t0.197686 0.649390\t0.548765 0.699802",
      "path": "moray_redux.png\t1.0 1.0\t0.300745 0.527220\t0.197686 0.649390\t0.548765 0.699802"
    },
    {
      "name": "moray_redux.png\t1.0 1.0\t0.300952 0.973763\t0.548812 0.800951\t0.197780 0.851688",
      "path": "moray_redux.png\t1.0 1.0\t0.300952 0.973763\t0.548812 0.800951\t0.197780 0.851688"
    },
    {
      "name": "moray_redux.png\t1.0 1.0\t0.197686 0.649390\t0.001135 0.750631\t0.197780 0.851688",
      "path": "moray_redux.png\t1.0 1.0\t0.197686 0.649390\t0.001135 0.750631\t0.197780 0.851688"
    },
    {
      "name": "moray_redux.png\t1.0 1.0\t0.197780 0.851688\t0.548812 0.800951\t0.548765 0.699802",
      "path": "moray_redux.png\t1.0 1.0\t0.197780 0.851688\t0.548812 0.800951\t0.548765 0.699802"
    },
    {
      "name": "moray_redux.png\t1.0 1.0\t0.197780 0.851688\t0.548765 0.699802\t0.197686 0.649390",
      "path": "moray_redux.png\t1.0 1.0\t0.197780 0.851688\t0.548765 0.699802\t0.197686 0.649390"
    },
    {
      "name": "moray_redux.png\t1.0 1.0\t0.197780 0.851688\t0.001135 0.750631\t0.130499 0.996670",
      "path": "moray_redux.png\t1.0 1.0\t0.197780 0.851688\t0.001135 0.750631\t0.130499 0.996670"
    }
  ],
  "metadata": {
    "originalVertexCount": 7,
    "originalFaceCount": 10,
    "triangleCount": 20,
    "hasTextures": true
  },
  "shipInfo": {
    "name": "Moray Star Boat",
    "type": "light_fighter",
    "originalFile": "moray_redux.dat",
    "gameSize": 9
  }
}