{
  "vertices": [
    0,
    0,
    16,
    0,
    4.92307710647583,
    -0.4923076927661896,
    9.84615421295166,
    0,
    -6.400000095367432,
    -9.84615421295166,
    0,
    -6.400000095367432,
    0,
    -4.92307710647583,
    -0.4923076927661896,
    0,
    4.92307710647583,
    -8.369231224060059,
    0,
    -4.92307710647583,
    -8.369231224060059,
    0,
    2.461538553237915,
    -16,
    4.92307710647583,
    0,
    -16,
    -4.92307710647583,
    0,
    -16,
    0,
    -2.461538553237915,
    -16
  ],
  "indices": [
    0,
    0,
    3,
    0,
    3,
    1,
    0,
    0,
    3,
    0,
    3,
    2,
    0,
    0,
    3,
    0,
    3,
    2,
    0,
    3,
    3,
    0,
    3,
    0,
    0,
    3,
    4,
    0,
    4,
    0,
    0,
    3,
    4,
    0,
    4,
    2,
    0,
    0,
    3,
    0,
    3,
    5,
    0,
    3,
    5,
    0,
    5,
    3,
    0,
    3,
    5,
    0,
    5,
    7,
    3,
    6,
    2,
    3,
    2,
    8,
    0,
    3,
    6,
    0,
    6,
    3,
    3,
    6,
    10,
    3,
    10,
    9,
    0,
    3,
    8,
    0,
    8,
    2,
    0,
    3,
    8,
    0,
    8,
    7,
    0,
    3,
    8,
    0,
    8,
    9,
    3,
    8,
    10,
    3,
    10,
    6,
    3,
    9,
    3,
    3,
    3,
    6,
    0,
    3,
    9,
    0,
    9,
    7
  ],
  "normals": [
    127,
    127,
    -0.5454199910163879,
    127,
    127,
    -0.5454199910163879,
    127,
    127,
    -0.5454199910163879,
    127,
    127,
    -0.5454199910163879,
    127,
    127,
    -0.5454199910163879,
    127,
    127,
    -0.5454199910163879,
    127,
    127,
    0.5454199910163879,
    127,
    127,
    0.5454199910163879,
    127,
    127,
    0.5454199910163879,
    127,
    127,
    0.5454199910163879,
    127,
    127,
    0.5454199910163879,
    127,
    127,
    0.5454199910163879,
    127,
    127,
    0.44721001386642456,
    127,
    127,
    0.44721001386642456,
    127,
    127,
    0.44721001386642456,
    127,
    127,
    0.44721001386642456,
    127,
    127,
    0.44721001386642456,
    127,
    127,
    0.44721001386642456,
    127,
    127,
    -0.5454199910163879,
    127,
    127,
    -0.5454199910163879,
    127,
    127,
    -0.5454199910163879,
    127,
    127,
    -0.5454199910163879,
    127,
    127,
    -0.5454199910163879,
    127,
    127,
    -0.5454199910163879,
    127,
    127,
    0.5454199910163879,
    127,
    127,
    0.5454199910163879,
    127,
    127,
    0.5454199910163879,
    127,
    127,
    0.5454199910163879,
    127,
    127,
    0.5454199910163879,
    127,
    127,
    0.5454199910163879,
    127,
    127,
    0.44721001386642456,
    127,
    127,
    0.44721001386642456,
    127,
    127,
    0.44721001386642456,
    127,
    127,
    0.44721001386642456,
    127,
    127,
    0.44721001386642456,
    127,
    127,
    0.44721001386642456,
    127,
    127,
    -0.44721001386642456,
    127,
    127,
    -0.44721001386642456,
    127,
    127,
    -0.44721001386642456,
    127,
    127,
    -0.44721001386642456,
    127,
    127,
    -0.44721001386642456,
    127,
    127,
    -0.44721001386642456,
    127,
    127,
    -0.45100000500679016,
    127,
    127,
    -0.45100000500679016,
    127,
    127,
    -0.45100000500679016,
    127,
    127,
    -0.45100000500679016,
    127,
    127,
    -0.45100000500679016,
    127,
    127,
    -0.45100000500679016,
    127,
    127,
    0.45100000500679016,
    127,
    127,
    0.45100000500679016,
    127,
    127,
    0.45100000500679016,
    127,
    127,
    0.45100000500679016,
    127,
    127,
    0.45100000500679016,
    127,
    127,
    0.45100000500679016,
    127,
    127,
    0.45100000500679016,
    127,
    127,
    0.45100000500679016,
    127,
    127,
    0.45100000500679016,
    127,
    127,
    0.45100000500679016,
    127,
    127,
    0.45100000500679016,
    127,
    127,
    0.45100000500679016,
    127,
    127,
    -0.44721001386642456,
    127,
    127,
    -0.44721001386642456,
    127,
    127,
    -0.44721001386642456,
    127,
    127,
    -0.44721001386642456,
    127,
    127,
    -0.44721001386642456,
    127,
    127,
    -0.44721001386642456,
    127,
    127,
    -0.45100000500679016,
    127,
    127,
    -0.45100000500679016,
    127,
    127,
    -0.45100000500679016,
    127,
    127,
    -0.45100000500679016,
    127,
    127,
    -0.45100000500679016,
    127,
    127,
    -0.45100000500679016,
    127,
    127,
    0.45100000500679016,
    127,
    127,
    0.45100000500679016,
    127,
    127,
    0.45100000500679016,
    127,
    127,
    0.45100000500679016,
    127,
    127,
    0.45100000500679016,
    127,
    127,
    0.45100000500679016,
    127,
    127,
    0,
    127,
    127,
    0,
    127,
    127,
    0,
    127,
    127,
    0,
    127,
    127,
    0,
    127,
    127,
    0,
    127,
    127,
    0,
    127,
    127,
    0,
    127,
    127,
    0,
    127,
    127,
    0,
    127,
    127,
    0,
    127,
    127,
    0,
    127,
    127,
    0.45100000500679016,
    127,
    127,
    0.45100000500679016,
    127,
    127,
    0.45100000500679016,
    127,
    127,
    0.45100000500679016,
    127,
    127,
    0.45100000500679016,
    127,
    127,
    0.45100000500679016,
    127,
    127,
    -0.45100000500679016,
    127,
    127,
    -0.45100000500679016,
    127,
    127,
    -0.45100000500679016,
    127,
    127,
    -0.45100000500679016,
    127,
    127,
    -0.45100000500679016,
    127,
    127,
    -0.45100000500679016,
    127,
    127,
    -0.45100000500679016,
    127,
    127,
    -0.45100000500679016,
    127,
    127,
    -0.45100000500679016,
    127,
    127,
    -0.45100000500679016,
    127,
    127,
    -0.45100000500679016,
    127,
    127,
    -0.45100000500679016
  ],