{
  "vertices": [
    0,
    1.615384578704834,
    -3.769230842590332,
    3.4461538791656494,
    0,
    3.769230842590332,
    -3.4461538791656494,
    0,
    3.769230842590332,
    7,
    0,
    -3.769230842590332,
    -7,
    0,
    -3.769230842590332,
    0,
    -1.615384578704834,
    -3.769230842590332
  ],
  "indices": [
    0,
    0,
    3,
    0,
    3,
    1,
    0,
    0,
    3,
    0,
    3,
    2,
    0,
    3,
    2,
    0,
    2,
    1,
    0,
    3,
    3,
    0,
    3,
    0,
    0,
    3,
    3,
    0,
    3,
    4,
    0,
    0,
    3,
    0,
    3,
    4,
    0,
    3,
    4,
    0,
    4,
    2,
    0,
    3,
    5,
    0,
    5,
    1
  ],
  "normals": [
    127,
    127,
    0.22360999882221222,
    127,
    127,
    0.22360999882221222,
    127,
    127,
    0.22360999882221222,
    127,
    127,
    0.22360999882221222,
    127,
    127,
    0.22360999882221222,
    127,
    127,
    0.22360999882221222,
    127,
    127,
    0,
    127,
    127,
    0,
    127,
    127,
    0,
    127,
    127,
    0,
    127,
    127,
    0,
    127,
    127,
    0,
    127,
    127,
    0,
    127,
    127,
    0,
    127,
    127,
    0,
    127,
    127,
    0,
    127,
    127,
    0,
    127,
    127,
    0,
    127,
    127,
    0,
    127,
    127,
    0,
    127,
    127,
    0,
    127,
    127,
    0,
    127,
    127,
    0,
    127,
    127,
    0,
    127,
    127,
    0,
    127,
    127,
    0,
    127,
    127,
    0,
    127,
    127,
    0,
    127,
    127,
    0,
    127,
    127,
    0,
    127,
    127,
    -0.22360999882221222,
    127,
    127,
    -0.22360999882221222,
    127,
    127,
    -0.22360999882221222,
    127,
    127,
    -0.22360999882221222,
    127,
    127,
    -0.22360999882221222,
    127,
    127,
    -0.22360999882221222,
    127,
    127,
    -0.22360999882221222,
    127,
    127,
    -0.22360999882221222,
    127,
    127,
    -0.22360999882221222,
    127,
    127,
    -0.22360999882221222,
    127,
    127,
    -0.22360999882221222,
    127,
    127,
    -0.22360999882221222,
    127,
    127,
    0.22360999882221222,
    127,
    127,
    0.22360999882221222,
    127,
    127,
    0.22360999882221222,
    127,
    127,
    0.22360999882221222,
    127,
    127,
    0.22360999882221222,
    127,
    127,
    0.22360999882221222
  ],
  "colors": [
    0.5,
    0.5,
    0.5,
    0.5,
    0.5,
    0.5,
    0.5,
    0.5,
    0.5,
    0.5,
    0.5,
    0.5,
    0.5,
    0.5,
    0.5,
    0.5,
    0.5,
    0.5,
    0.5,
    0.5,
    0.5,
    0.5,
    0.5,
    0.5,
    0.5,
    0.5,
    0.5,
    0.5,
    0.5,
    0.5,
    0.5,
    0.5,
    0.5,
    0.5,
    0.5,
    0.5,
    0.5,
    0.5,
    0.5,
    0.5,
    0.5,
    0.5,
    0.5,
    0.5,
    0.5,
    0.5,
    0.5,
    0.5,
    0.5,
    0.5,
    0.5,
    0.5,
    0.5,
    0.5,
    0.5,
    0.5,
    0.5,
    0.5,
    0.5,
    0.5,
    0.5,
    0.5,
    0.5,
    0.5,
    0.5,
    0.5,
    0.5,
    0.5,
    0.5,
    0.5,
    0.5,
    0.5,
    0.5,
    0.5,
    0.5,
    0.5,
    0.5,
    0.5,
    0.5,
    0.5,
    0.5,
    0.5,
    0.5,
    0.5,
    0.5,
    0.5,
    0.5,
    0.5,
    0.5,
    0.5,
    0.5,
    0.5,
    0.5,
    0.5,
    0.5,
    0.5,
    0.5,
    0.5,
    0.5,
    0.5,
    0.5,
    0.5,
    0.5,
    0.5,
    0.5,
    0.5,
    0.5,
    0.5,
    0.5,
    0.5,
    0.5,
    0.5,
    0.5,
    0.5,
    0.5,
    0.5,
    0.5,
    0.5,
    0.5,
    0.5,
    0.5,
    0.5,
    0.5,
    0.5,
    0.5,
    0.5,
    0.5,
    0.5,
    0.5,
    0.5,
    0.5,
    0.5,
    0.5,
    0.5,
    0.5,
    0.5,
    0.5,
    0.5,
    0.5,
    0.5,
    0.5,
    0.5,
    0.5,
    0.5
  ],
  "bounds": {
    "maxX": 7,
    "maxY": 1.6153846153846154,
    "maxZ": 3.7692307692307696,
    "maxDimension": 7
  },
  "textures": [
    {
      "name": "sidewinder_redux.png\t1.0 1.0\t0.566670 0.732765\t0.193820 0.562295\t0.193820 0.917433",
      "path": "sidewinder_redux.png\t1.0 1.0\t0.566670 0.732765\t0.193820 0.562295\t0.193820 0.917433"
    },
    {
      "name": "sidewinder_redux.png\t1.0 1.0\t0.566670 0.391825\t0.193820 0.562295\t0.566670 0.732765",
      "path": "sidewinder_redux.png\t1.0 1.0\t0.566670 0.391825\t0.193820 0.562295\t0.566670 0.732765"
    },
    {
      "name": "sidewinder_redux.png\t1.0 1.0\t0.566670 0.391825\t0.566670 0.732765\t0.939521 0.562295",
      "path": "sidewinder_redux.png\t1.0 1.0\t0.566670 0.391825\t0.566670 0.732765\t0.939521 0.562295"
    },
    {
      "name": "sidewinder_redux.png\t1.0 1.0\t0.100237 0.917695\t0.182181 0.562603\t0.100237 0.207511",
      "path": "sidewinder_redux.png\t1.0 1.0\t0.100237 0.917695\t0.182181 0.562603\t0.100237 0.207511"
    },
    {
      "name": "sidewinder_redux.png\t1.0 1.0\t0.100237 0.917695\t0.100237 0.207511\t0.018292 0.562603",
      "path": "sidewinder_redux.png\t1.0 1.0\t0.100237 0.917695\t0.100237 0.207511\t0.018292 0.562603"
    },
    {
      "name": "sidewinder_redux.png\t1.0 1.0\t0.193820 0.207157\t0.193820 0.562295\t0.566670 0.391825",
      "path": "sidewinder_redux.png\t1.0 1.0\t0.193820 0.207157\t0.193820 0.562295\t0.566670 0.391825"
    },
    {
      "name": "sidewinder_redux.png\t1.0 1.0\t0.939521 0.207157\t0.566670 0.391825\t0.939521 0.562295",
      "path": "sidewinder_redux.png\t1.0 1.0\t0.939521 0.207157\t0.566670 0.391825\t0.939521 0.562295"
    },
    {
      "name": "sidewinder_redux.png\t1.0 1.0\t0.939521 0.562295\t0.566670 0.732765\t0.939521 0.917433",
      "path": "sidewinder_redux.png\t1.0 1.0\t0.939521 0.562295\t0.566670 0.732765\t0.939521 0.917433"
    }
  ],
  "metadata": {
    "originalVertexCount": 6,
    "originalFaceCount": 8,
    "triangleCount": 16,
    "hasTextures": true
  },
  "shipInfo": {
    "name": "Sidewinder",
    "type": "light_fighter",
    "originalFile": "sidewinder_redux.dat",
    "gameSize": 7
  }
}