{
  "vertices": [
    -4.545454502105713,
    2.909090995788574,
    -10,
    4.545454502105713,
    2.909090995788574,
    -10,
    0,
    2.909090995788574,
    0,
    9.090909004211426,
    0,
    -10,
    0,
    0,
    10,
    -9.090909004211426,
    0,
    -10,
    0,
    -2.909090995788574,
    0,
    4.545454502105713,
    -2.909090995788574,
    -10,
    -4.545454502105713,
    -2.909090995788574,
    -10
  ],
  "indices": [
    1,
    0,
    3,
    1,
    3,
    2,
    0,
    0,
    3,
    0,
    3,
    2,
    0,
    0,
    3,
    0,
    3,
    2,
    0,
    0,
    3,
    0,
    3,
    5,
    0,
    0,
    3,
    0,
    3,
    5,
    0,
    3,
    6,
    0,
    6,
    4,
    0,
    3,
    6,
    0,
    6,
    3,
    0,
    3,
    7,
    0,
    7,
    3,
    0,
    3,
    7,
    0,
    7,
    1,
    0,
    3,
    7,
    0,
    7,
    0,
    0,
    3,
    7,
    0,
    7,
    5,
    0,
    3,
    7,
    0,
    7,
    8,
    0,
    3,
    8,
    0,
    8,
    5,
    0,
    3,
    8,
    0,
    8,
    4
  ],
  "normals": [
    127,
    127,
    0,
    127,
    127,
    0,
    127,
    127,
    0,
    127,
    127,
    0,
    127,
    127,
    0,
    127,
    127,
    0,
    127,
    127,
    0.5235700011253357,
    127,
    127,
    0.5235700011253357,
    127,
    127,
    0.5235700011253357,
    127,
    127,
    0.5235700011253357,
    127,
    127,
    0.5235700011253357,
    127,
    127,
    0.5235700011253357,
    127,
    127,
    0.5235700011253357,
    127,
    127,
    0.5235700011253357,
    127,
    127,
    0.5235700011253357,
    127,
    127,
    0.5235700011253357,
    127,
    127,
    0.5235700011253357,
    127,
    127,
    0.5235700011253357,
    127,
    127,
    -0.5235700011253357,
    127,
    127,
    -0.5235700011253357,
    127,
    127,
    -0.5235700011253357,
    127,
    127,
    -0.5235700011253357,
    127,
    127,
    -0.5235700011253357,
    127,
    127,
    -0.5235700011253357,
    127,
    127,
    -0.5235700011253357,
    127,
    127,
    -0.5235700011253357,
    127,
    127,
    -0.5235700011253357,
    127,
    127,
    -0.5235700011253357,
    127,
    127,
    -0.5235700011253357,
    127,
    127,
    -0.5235700011253357,
    127,
    127,
    0.5235700011253357,
    127,
    127,
    0.5235700011253357,
    127,
    127,
    0.5235700011253357,
    127,
    127,
    0.5235700011253357,
    127,
    127,
    0.5235700011253357,
    127,
    127,
    0.5235700011253357,
    127,
    127,
    0.5235700011253357,
    127,
    127,
    0.5235700011253357,
    127,
    127,
    0.5235700011253357,
    127,
    127,
    0.5235700011253357,
    127,
    127,
    0.5235700011253357,
    127,
    127,
    0.5235700011253357,
    127,
    127,
    0,
    127,
    127,
    0,
    127,
    127,
    0,
    127,
    127,
    0,
    127,
    127,
    0,
    127,
    127,
    0,
    127,
    127,
    0,
    127,
    127,
    0,
    127,
    127,
    0,
    127,
    127,
    0,
    127,
    127,
    0,
    127,
    127,
    0,
    127,
    127,
    0,
    127,
    127,
    0,
    127,
    127,
    0,
    127,
    127,
    0,
    127,
    127,
    0,
    127,
    127,
    0,
    127,
    127,
    0,
    127,
    127,
    0,
    127,
    127,
    0,
    127,
    127,
    0,
    127,
    127,
    0,
    127,
    127,
    0,
    127,
    127,
    0,
    127,
    127,
    0,
    127,
    127,
    0,
    127,
    127,
    0,
    127,
    127,
    0,
    127,
    127,
    0,
    127,
    127,
    -0.5235700011253357,
    127,
    127,
    -0.5235700011253357,
    127,
    127,
    -0.5235700011253357,
    127,
    127,
    -0.5235700011253357,
    127,
    127,
    -0.5235700011253357,
    127,
    127,
    -0.5235700011253357,
    127,
    127,
    -0.5235700011253357,
    127,
    127,
    -0.5235700011253357,
    127,
    127,
    -0.5235700011253357,
    127,
    127,
    -0.5235700011253357,
    127,
    127,
    -0.5235700011253357,
    127,
    127,
    -0.5235700011253357
  ],
  "colors": [
    0.5,
    0.5,
    0.5,
    0.5,
    0.5,
    0.5,
    0.5,
    0.5,
    0.5,
    0.5,
    0.5,
    0.5,
    0.5,
    0.5,
    0.5,
    0.5,
    0.5,
    0.5,
    0.5,
    0.5,
    0.5,
    0.5,
    0.5,
    0.5,
    0.5,
    0.5,
    0.5,
    0.5,
    0.5,
    0.5,
    0.5,
    0.5,
    0.5,
    0.5,
    0.5,
    0.5,
    0.5,
    0.5,
    0.5,
    0.5,
    0.5,
    0.5,
    0.5,
    0.5,
    0.5,
    0.5,
    0.5,
    0.5,
    0.5,
    0.5,
    0.5,
    0.5,
    0.5,
    0.5,
    0.5,
    0.5,
    0.5,
    0.5,
    0.5,
    0.5,
    0.5,
    0.5,
    0.5,
    0.5,
    0.5,
    0.5,
    0.5,
    0.5,
    0.5,
    0.5,
    0.5,
    0.5,
    0.5,
    0.5,
    0.5,
    0.5,
    0.5,
    0.5,
    0.5,
    0.5,
    0.5,
    0.5,
    0.5,
    0.5,
    0.5,
    0.5,
    0.5,
    0.5,
    0.5,
    0.5,
    0.5,
    0.5,
    0.5,
    0.5,
    0.5,
    0.5,
    0.5,
    0.5,
    0.5,
    0.5,
    0.5,
    0.5,
    0.5,
    0.5,
    0.5,
    0.5,
    0.5,
    0.5,
    0.5,
    0.5,
    0.5,
    0.5,
    0.5,
    0.5,
    0.5,
    0.5,
    0.5,
    0.5,
    0.5,
    0.5,
    0.5,
    0.5,
    0.5,
    0.5,
    0.5,
    0.5,
    0.5,
    0.5,
    0.5,
    0.5,
    0.5,
    0.5,
    0.5,
    0.5,
    0.5,
    0.5,
    0.5,
    0.5,
    0.5,
    0.5,
    0.5,
    0.5,
    0.5,
    0.5,
    0.5,
    0.5,
    0.5,
    0.5,
    0.5,
    0.5,
    0.5,
    0.5,
    0.5,
    0.5,
    0.5,
    0.5,
    0.5,
    0.5,
    0.5,
    0.5,
    0.5,
    0.5,
    0.5,
    0.5,
    0.5,
    0.5,
    0.5,
    0.5,
    0.5,
    0.5,
    0.5,
    0.5,
    0.5,
    0.5,
    0.5,
    0.5,
    0.5,
    0.5,
    0.5,
    0.5,
    0.5,
    0.5,
    0.5,
    0.5,
    0.5,
    0.5,
    0.5,
    0.5,
    0.5,
    0.5,
    0.5,
    0.5,
    0.5,
    0.5,
    0.5,
    0.5,
    0.5,
    0.5,
    0.5,
    0.5,
    0.5,
    0.5,
    0.5,
    0.5,
    0.5,
    0.5,
    0.5,
    0.5,
    0.5,
    0.5,
    0.5,
    0.5,
    0.5,
    0.5,
    0.5,
    0.5,
    0.5,
    0.5,
    0.5,
    0.5,
    0.5,
    0.5,
    0.5,
    0.5,
    0.5,
    0.5,
    0.5,
    0.5,
    0.5,
    0.5,
    0.5,
    0.5,
    0.5,
    0.5,
    0.5,
    0.5,
    0.5,
    0.5,
    0.5,
    0.5,
    0.5,
    0.5,
    0.5,
    0.5,
    0.5,
    0.5,
    0.5,
    0.5,
    0.5,
    0.5,
    0.5,
    0.5
  ],
  "bounds": {
    "maxX": 9.090909090909092,
    "maxY": 2.909090909090909,
    "maxZ": 10,
    "maxDimension": 10
  },
  "textures": [
    {
      "name": "viper_redux.png\t1.0 1.0\t0.280409 0.775572\t0.381628 0.566244\t0.179438 0.566124",
      "path": "viper_redux.png\t1.0 1.0\t0.280409 0.775572\t0.381628 0.566244\t0.179438 0.566124"
    },
    {
      "name": "viper_redux.png\t1.0 1.0\t0.280409 0.775572\t0.179438 0.566124\t0.062247 0.580649",
      "path": "viper_redux.png\t1.0 1.0\t0.280409 0.775572\t0.179438 0.566124\t0.062247 0.580649"
    },
    {
      "name": "viper_redux.png\t1.0 1.0\t0.280409 0.775572\t0.062247 0.580649\t0.280278 0.996114",
      "path": "viper_redux.png\t1.0 1.0\t0.280409 0.775572\t0.062247 0.580649\t0.280278 0.996114"
    },
    {
      "name": "viper_redux.png\t1.0 1.0\t0.498802 0.580907\t0.381628 0.566244\t0.280409 0.775572",
      "path": "viper_redux.png\t1.0 1.0\t0.498802 0.580907\t0.381628 0.566244\t0.280409 0.775572"
    },
    {
      "name": "viper_redux.png\t1.0 1.0\t0.498802 0.580907\t0.280409 0.775572\t0.280278 0.996114",
      "path": "viper_redux.png\t1.0 1.0\t0.498802 0.580907\t0.280409 0.775572\t0.280278 0.996114"
    },
    {
      "name": "viper_redux.png\t1.0 1.0\t0.280734 0.227049\t0.280865 0.006507\t0.062341 0.421713",
      "path": "viper_redux.png\t1.0 1.0\t0.280734 0.227049\t0.280865 0.006507\t0.062341 0.421713"
    },
    {
      "name": "viper_redux.png\t1.0 1.0\t0.280734 0.227049\t0.062341 0.421713\t0.179515 0.436377",
      "path": "viper_redux.png\t1.0 1.0\t0.280734 0.227049\t0.062341 0.421713\t0.179515 0.436377"
    },
    {
      "name": "viper_redux.png\t1.0 1.0\t0.179515 0.436377\t0.078113 0.501190\t0.179438 0.566124",